timestamp,batch_id,equipment_id,product,temperature_C,status,gmp_lower_C,gmp_upper_C
2026-05-12T20:00:00,BATCH-1001,COAT-01,Metformin_500mg,40.13,NORMAL,40,45
2026-05-12T20:05:00,BATCH-1001,COAT-01,Metformin_500mg,41.12,NORMAL,40,45
2026-05-12T20:10:00,BATCH-1001,COAT-01,Metformin_500mg,43.38,NORMAL,40,45
2026-05-12T20:15:00,BATCH-1001,COAT-01,Metformin_500mg,40.43,NORMAL,40,45
2026-05-12T20:20:00,BATCH-1001,COAT-01,Metformin_500mg,40.15,NORMAL,40,45
2026-05-12T20:25:00,BATCH-1001,COAT-01,Metformin_500mg,42.53,NORMAL,40,45
2026-05-12T20:30:00,BATCH-1001,COAT-01,Metformin_500mg,46.8,DEVIATION,40,45
2026-05-12T20:35:00,BATCH-1001,COAT-01,Metformin_500mg,42.72,NORMAL,40,45
2026-05-12T20:40:00,BATCH-1001,COAT-01,Metformin_500mg,42.95,NORMAL,40,45
2026-05-12T20:45:00,BATCH-1001,COAT-01,Metformin_500mg,40.03,NORMAL,40,45
2026-05-12T20:50:00,BATCH-1001,COAT-01,Metformin_500mg,43.49,NORMAL,40,45
2026-05-12T20:55:00,BATCH-1001,COAT-01,Metformin_500mg,40.78,NORMAL,40,45
2026-05-12T21:00:00,BATCH-1001,COAT-01,Metformin_500mg,41.68,NORMAL,40,45
2026-05-12T21:05:00,BATCH-1001,COAT-01,Metformin_500mg,40.48,NORMAL,40,45
2026-05-12T21:10:00,BATCH-1001,COAT-01,Metformin_500mg,43.02,NORMAL,40,45
2026-05-12T21:15:00,BATCH-1001,COAT-01,Metformin_500mg,43.65,NORMAL,40,45
2026-05-12T21:20:00,BATCH-1001,COAT-01,Metformin_500mg,44.87,NORMAL,40,45
2026-05-12T21:25:00,BATCH-1001,COAT-01,Metformin_500mg,42.76,NORMAL,40,45
2026-05-12T21:30:00,BATCH-1001,COAT-01,Metformin_500mg,43.09,NORMAL,40,45
2026-05-12T21:35:00,BATCH-1001,COAT-01,Metformin_500mg,42.89,NORMAL,40,45
2026-05-12T21:40:00,BATCH-1001,COAT-01,Metformin_500mg,40.23,NORMAL,40,45
2026-05-12T21:45:00,BATCH-1001,COAT-01,Metformin_500mg,41.45,NORMAL,40,45
2026-05-12T21:50:00,BATCH-1001,COAT-01,Metformin_500mg,41.16,NORMAL,40,45
2026-05-12T21:55:00,BATCH-1001,COAT-01,Metformin_500mg,41.39,NORMAL,40,45
2026-05-12T22:00:00,BATCH-1001,COAT-01,Metformin_500mg,41.82,NORMAL,40,45
2026-05-12T22:05:00,BATCH-1001,COAT-01,Metformin_500mg,41.05,NORMAL,40,45
2026-05-12T22:10:00,BATCH-1001,COAT-01,Metformin_500mg,44.68,NORMAL,40,45
2026-05-12T22:15:00,BATCH-1001,COAT-01,Metformin_500mg,43.05,NORMAL,40,45
2026-05-12T22:20:00,BATCH-1001,COAT-01,Metformin_500mg,43.65,NORMAL,40,45
2026-05-12T22:25:00,BATCH-1001,COAT-01,Metformin_500mg,41.9,NORMAL,40,45
2026-05-12T22:30:00,BATCH-1001,COAT-01,Metformin_500mg,43.2,NORMAL,40,45
2026-05-12T22:35:00,BATCH-1001,COAT-01,Metformin_500mg,43.42,NORMAL,40,45
2026-05-12T22:40:00,BATCH-1001,COAT-01,Metformin_500mg,43.88,NORMAL,40,45
2026-05-12T22:45:00,BATCH-1001,COAT-01,Metformin_500mg,40.16,NORMAL,40,45
2026-05-12T22:50:00,BATCH-1001,COAT-01,Metformin_500mg,41.34,NORMAL,40,45
2026-05-12T22:55:00,BATCH-1001,COAT-01,Metformin_500mg,44.71,NORMAL,40,45
2026-05-12T21:00:00,BATCH-1002,COAT-02,Amlodipine_5mg,41.57,NORMAL,40,45
2026-05-12T21:05:00,BATCH-1002,COAT-02,Amlodipine_5mg,41.98,NORMAL,40,45
2026-05-12T21:10:00,BATCH-1002,COAT-02,Amlodipine_5mg,42.29,NORMAL,40,45
2026-05-12T21:15:00,BATCH-1002,COAT-02,Amlodipine_5mg,41.23,NORMAL,40,45
2026-05-12T21:20:00,BATCH-1002,COAT-02,Amlodipine_5mg,41.31,NORMAL,40,45
2026-05-12T21:25:00,BATCH-1002,COAT-02,Amlodipine_5mg,44.49,NORMAL,40,45
2026-05-12T21:30:00,BATCH-1002,COAT-02,Amlodipine_5mg,41.1,NORMAL,40,45
2026-05-12T21:35:00,BATCH-1002,COAT-02,Amlodipine_5mg,42.55,NORMAL,40,45
2026-05-12T21:40:00,BATCH-1002,COAT-02,Amlodipine_5mg,40.24,NORMAL,40,45
2026-05-12T21:45:00,BATCH-1002,COAT-02,Amlodipine_5mg,43.14,NORMAL,40,45
2026-05-12T21:50:00,BATCH-1002,COAT-02,Amlodipine_5mg,42.11,NORMAL,40,45
2026-05-12T21:55:00,BATCH-1002,COAT-02,Amlodipine_5mg,41.91,NORMAL,40,45
2026-05-12T22:00:00,BATCH-1002,COAT-02,Amlodipine_5mg,42.65,NORMAL,40,45
2026-05-12T22:05:00,BATCH-1002,COAT-02,Amlodipine_5mg,44.3,NORMAL,40,45
2026-05-12T22:10:00,BATCH-1002,COAT-02,Amlodipine_5mg,48.88,DEVIATION,40,45
2026-05-12T22:15:00,BATCH-1002,COAT-02,Amlodipine_5mg,42.68,NORMAL,40,45
2026-05-12T22:20:00,BATCH-1002,COAT-02,Amlodipine_5mg,43.2,NORMAL,40,45
2026-05-12T22:25:00,BATCH-1002,COAT-02,Amlodipine_5mg,42.17,NORMAL,40,45
2026-05-12T22:30:00,BATCH-1002,COAT-02,Amlodipine_5mg,44.77,NORMAL,40,45
2026-05-12T22:35:00,BATCH-1002,COAT-02,Amlodipine_5mg,41.32,NORMAL,40,45
2026-05-12T22:40:00,BATCH-1002,COAT-02,Amlodipine_5mg,40.89,NORMAL,40,45
2026-05-12T22:45:00,BATCH-1002,COAT-02,Amlodipine_5mg,44.35,NORMAL,40,45
2026-05-12T22:50:00,BATCH-1002,COAT-02,Amlodipine_5mg,43.19,NORMAL,40,45
2026-05-12T22:55:00,BATCH-1002,COAT-02,Amlodipine_5mg,40.76,NORMAL,40,45
2026-05-12T23:00:00,BATCH-1002,COAT-02,Amlodipine_5mg,42.7,NORMAL,40,45
2026-05-12T23:05:00,BATCH-1002,COAT-02,Amlodipine_5mg,42.65,NORMAL,40,45
2026-05-12T23:10:00,BATCH-1002,COAT-02,Amlodipine_5mg,47.3,DEVIATION,40,45
2026-05-12T23:15:00,BATCH-1002,COAT-02,Amlodipine_5mg,49.72,DEVIATION,40,45
2026-05-12T23:20:00,BATCH-1002,COAT-02,Amlodipine_5mg,44.16,NORMAL,40,45
2026-05-12T23:25:00,BATCH-1002,COAT-02,Amlodipine_5mg,40.29,NORMAL,40,45
2026-05-12T23:30:00,BATCH-1002,COAT-02,Amlodipine_5mg,44.73,NORMAL,40,45
2026-05-12T23:35:00,BATCH-1002,COAT-02,Amlodipine_5mg,42.43,NORMAL,40,45
2026-05-12T23:40:00,BATCH-1002,COAT-02,Amlodipine_5mg,43.8,NORMAL,40,45
2026-05-12T23:45:00,BATCH-1002,COAT-02,Amlodipine_5mg,40.64,NORMAL,40,45
2026-05-12T23:50:00,BATCH-1002,COAT-02,Amlodipine_5mg,42.75,NORMAL,40,45
2026-05-12T23:55:00,BATCH-1002,COAT-02,Amlodipine_5mg,44.36,NORMAL,40,45
2026-05-13T22:00:00,BATCH-1003,COAT-01,Atorvastatin_10mg,39.27,NORMAL,38,44
2026-05-13T22:05:00,BATCH-1003,COAT-01,Atorvastatin_10mg,42.38,NORMAL,38,44
2026-05-13T22:10:00,BATCH-1003,COAT-01,Atorvastatin_10mg,39.87,NORMAL,38,44
2026-05-13T22:15:00,BATCH-1003,COAT-01,Atorvastatin_10mg,41.9,NORMAL,38,44
2026-05-13T22:20:00,BATCH-1003,COAT-01,Atorvastatin_10mg,41.11,NORMAL,38,44
2026-05-13T22:25:00,BATCH-1003,COAT-01,Atorvastatin_10mg,39.35,NORMAL,38,44
2026-05-13T22:30:00,BATCH-1003,COAT-01,Atorvastatin_10mg,41.53,NORMAL,38,44
2026-05-13T22:35:00,BATCH-1003,COAT-01,Atorvastatin_10mg,39.32,NORMAL,38,44
2026-05-13T22:40:00,BATCH-1003,COAT-01,Atorvastatin_10mg,41.79,NORMAL,38,44
2026-05-13T22:45:00,BATCH-1003,COAT-01,Atorvastatin_10mg,43.43,NORMAL,38,44
2026-05-13T22:50:00,BATCH-1003,COAT-01,Atorvastatin_10mg,38.43,NORMAL,38,44
2026-05-13T22:55:00,BATCH-1003,COAT-01,Atorvastatin_10mg,42.01,NORMAL,38,44
2026-05-13T23:00:00,BATCH-1003,COAT-01,Atorvastatin_10mg,38.79,NORMAL,38,44
2026-05-13T23:05:00,BATCH-1003,COAT-01,Atorvastatin_10mg,41.43,NORMAL,38,44
2026-05-13T23:10:00,BATCH-1003,COAT-01,Atorvastatin_10mg,42.71,NORMAL,38,44
2026-05-13T23:15:00,BATCH-1003,COAT-01,Atorvastatin_10mg,39.14,NORMAL,38,44
2026-05-13T23:20:00,BATCH-1003,COAT-01,Atorvastatin_10mg,40.59,NORMAL,38,44
2026-05-13T23:25:00,BATCH-1003,COAT-01,Atorvastatin_10mg,40.8,NORMAL,38,44
2026-05-13T23:30:00,BATCH-1003,COAT-01,Atorvastatin_10mg,42.04,NORMAL,38,44
2026-05-13T23:35:00,BATCH-1003,COAT-01,Atorvastatin_10mg,38.59,NORMAL,38,44
2026-05-13T23:40:00,BATCH-1003,COAT-01,Atorvastatin_10mg,40.04,NORMAL,38,44
2026-05-13T23:45:00,BATCH-1003,COAT-01,Atorvastatin_10mg,39.49,NORMAL,38,44
2026-05-13T23:50:00,BATCH-1003,COAT-01,Atorvastatin_10mg,40.69,NORMAL,38,44
2026-05-13T23:55:00,BATCH-1003,COAT-01,Atorvastatin_10mg,39.67,NORMAL,38,44
2026-05-14T00:00:00,BATCH-1003,COAT-01,Atorvastatin_10mg,43.54,NORMAL,38,44
2026-05-14T00:05:00,BATCH-1003,COAT-01,Atorvastatin_10mg,43.17,NORMAL,38,44
2026-05-14T00:10:00,BATCH-1003,COAT-01,Atorvastatin_10mg,38.3,NORMAL,38,44
2026-05-14T00:15:00,BATCH-1003,COAT-01,Atorvastatin_10mg,43.02,NORMAL,38,44
2026-05-14T00:20:00,BATCH-1003,COAT-01,Atorvastatin_10mg,43.56,NORMAL,38,44
2026-05-14T00:25:00,BATCH-1003,COAT-01,Atorvastatin_10mg,39.0,NORMAL,38,44
2026-05-14T00:30:00,BATCH-1003,COAT-01,Atorvastatin_10mg,39.28,NORMAL,38,44
2026-05-14T00:35:00,BATCH-1003,COAT-01,Atorvastatin_10mg,38.35,NORMAL,38,44
2026-05-14T00:40:00,BATCH-1003,COAT-01,Atorvastatin_10mg,43.91,NORMAL,38,44
2026-05-14T00:45:00,BATCH-1003,COAT-01,Atorvastatin_10mg,42.7,NORMAL,38,44
2026-05-14T00:50:00,BATCH-1003,COAT-01,Atorvastatin_10mg,40.54,NORMAL,38,44
2026-05-14T00:55:00,BATCH-1003,COAT-01,Atorvastatin_10mg,43.97,NORMAL,38,44
2026-05-13T23:00:00,BATCH-1004,COAT-02,Paracetamol_500mg,44.31,NORMAL,40,46
2026-05-13T23:05:00,BATCH-1004,COAT-02,Paracetamol_500mg,41.78,NORMAL,40,46
2026-05-13T23:10:00,BATCH-1004,COAT-02,Paracetamol_500mg,43.48,NORMAL,40,46
2026-05-13T23:15:00,BATCH-1004,COAT-02,Paracetamol_500mg,44.49,NORMAL,40,46
2026-05-13T23:20:00,BATCH-1004,COAT-02,Paracetamol_500mg,43.51,NORMAL,40,46
2026-05-13T23:25:00,BATCH-1004,COAT-02,Paracetamol_500mg,45.12,NORMAL,40,46
2026-05-13T23:30:00,BATCH-1004,COAT-02,Paracetamol_500mg,45.76,NORMAL,40,46
2026-05-13T23:35:00,BATCH-1004,COAT-02,Paracetamol_500mg,41.11,NORMAL,40,46
2026-05-13T23:40:00,BATCH-1004,COAT-02,Paracetamol_500mg,44.05,NORMAL,40,46
2026-05-13T23:45:00,BATCH-1004,COAT-02,Paracetamol_500mg,40.72,NORMAL,40,46
2026-05-13T23:50:00,BATCH-1004,COAT-02,Paracetamol_500mg,41.48,NORMAL,40,46
2026-05-13T23:55:00,BATCH-1004,COAT-02,Paracetamol_500mg,43.72,NORMAL,40,46
2026-05-14T00:00:00,BATCH-1004,COAT-02,Paracetamol_500mg,43.5,NORMAL,40,46
2026-05-14T00:05:00,BATCH-1004,COAT-02,Paracetamol_500mg,45.61,NORMAL,40,46
2026-05-14T00:10:00,BATCH-1004,COAT-02,Paracetamol_500mg,44.3,NORMAL,40,46
2026-05-14T00:15:00,BATCH-1004,COAT-02,Paracetamol_500mg,42.37,NORMAL,40,46
2026-05-14T00:20:00,BATCH-1004,COAT-02,Paracetamol_500mg,41.8,NORMAL,40,46
2026-05-14T00:25:00,BATCH-1004,COAT-02,Paracetamol_500mg,44.51,NORMAL,40,46
2026-05-14T00:30:00,BATCH-1004,COAT-02,Paracetamol_500mg,42.75,NORMAL,40,46
2026-05-14T00:35:00,BATCH-1004,COAT-02,Paracetamol_500mg,45.98,NORMAL,40,46
2026-05-14T00:40:00,BATCH-1004,COAT-02,Paracetamol_500mg,41.28,NORMAL,40,46
2026-05-14T00:45:00,BATCH-1004,COAT-02,Paracetamol_500mg,45.6,NORMAL,40,46
2026-05-14T00:50:00,BATCH-1004,COAT-02,Paracetamol_500mg,45.28,NORMAL,40,46
2026-05-14T00:55:00,BATCH-1004,COAT-02,Paracetamol_500mg,40.95,NORMAL,40,46
2026-05-14T01:00:00,BATCH-1004,COAT-02,Paracetamol_500mg,44.22,NORMAL,40,46
2026-05-14T01:05:00,BATCH-1004,COAT-02,Paracetamol_500mg,45.92,NORMAL,40,46
2026-05-14T01:10:00,BATCH-1004,COAT-02,Paracetamol_500mg,40.05,NORMAL,40,46
2026-05-14T01:15:00,BATCH-1004,COAT-02,Paracetamol_500mg,41.8,NORMAL,40,46
2026-05-14T01:20:00,BATCH-1004,COAT-02,Paracetamol_500mg,45.63,NORMAL,40,46
2026-05-14T01:25:00,BATCH-1004,COAT-02,Paracetamol_500mg,40.69,NORMAL,40,46
2026-05-14T01:30:00,BATCH-1004,COAT-02,Paracetamol_500mg,43.32,NORMAL,40,46
2026-05-14T01:35:00,BATCH-1004,COAT-02,Paracetamol_500mg,43.63,NORMAL,40,46
2026-05-14T01:40:00,BATCH-1004,COAT-02,Paracetamol_500mg,41.22,NORMAL,40,46
2026-05-14T01:45:00,BATCH-1004,COAT-02,Paracetamol_500mg,41.58,NORMAL,40,46
2026-05-14T01:50:00,BATCH-1004,COAT-02,Paracetamol_500mg,45.43,NORMAL,40,46
2026-05-14T01:55:00,BATCH-1004,COAT-02,Paracetamol_500mg,40.55,NORMAL,40,46
2026-05-15T00:00:00,BATCH-1005,COAT-01,Azithromycin_250mg,36.94,NORMAL,35,42
2026-05-15T00:05:00,BATCH-1005,COAT-01,Azithromycin_250mg,46.08,DEVIATION,35,42
2026-05-15T00:10:00,BATCH-1005,COAT-01,Azithromycin_250mg,36.83,NORMAL,35,42
2026-05-15T00:15:00,BATCH-1005,COAT-01,Azithromycin_250mg,38.86,NORMAL,35,42
2026-05-15T00:20:00,BATCH-1005,COAT-01,Azithromycin_250mg,35.07,NORMAL,35,42
2026-05-15T00:25:00,BATCH-1005,COAT-01,Azithromycin_250mg,41.18,NORMAL,35,42
2026-05-15T00:30:00,BATCH-1005,COAT-01,Azithromycin_250mg,38.82,NORMAL,35,42
2026-05-15T00:35:00,BATCH-1005,COAT-01,Azithromycin_250mg,39.08,NORMAL,35,42
2026-05-15T00:40:00,BATCH-1005,COAT-01,Azithromycin_250mg,35.89,NORMAL,35,42
2026-05-15T00:45:00,BATCH-1005,COAT-01,Azithromycin_250mg,41.29,NORMAL,35,42
2026-05-15T00:50:00,BATCH-1005,COAT-01,Azithromycin_250mg,41.02,NORMAL,35,42
2026-05-15T00:55:00,BATCH-1005,COAT-01,Azithromycin_250mg,36.47,NORMAL,35,42
2026-05-15T01:00:00,BATCH-1005,COAT-01,Azithromycin_250mg,35.72,NORMAL,35,42
2026-05-15T01:05:00,BATCH-1005,COAT-01,Azithromycin_250mg,41.19,NORMAL,35,42
2026-05-15T01:10:00,BATCH-1005,COAT-01,Azithromycin_250mg,39.34,NORMAL,35,42
2026-05-15T01:15:00,BATCH-1005,COAT-01,Azithromycin_250mg,41.51,NORMAL,35,42
2026-05-15T01:20:00,BATCH-1005,COAT-01,Azithromycin_250mg,41.83,NORMAL,35,42
2026-05-15T01:25:00,BATCH-1005,COAT-01,Azithromycin_250mg,41.17,NORMAL,35,42
2026-05-15T01:30:00,BATCH-1005,COAT-01,Azithromycin_250mg,45.95,DEVIATION,35,42
2026-05-15T01:35:00,BATCH-1005,COAT-01,Azithromycin_250mg,41.52,NORMAL,35,42
2026-05-15T01:40:00,BATCH-1005,COAT-01,Azithromycin_250mg,41.05,NORMAL,35,42
2026-05-15T01:45:00,BATCH-1005,COAT-01,Azithromycin_250mg,36.87,NORMAL,35,42
2026-05-15T01:50:00,BATCH-1005,COAT-01,Azithromycin_250mg,35.76,NORMAL,35,42
2026-05-15T01:55:00,BATCH-1005,COAT-01,Azithromycin_250mg,41.01,NORMAL,35,42
2026-05-15T02:00:00,BATCH-1005,COAT-01,Azithromycin_250mg,40.72,NORMAL,35,42
2026-05-15T02:05:00,BATCH-1005,COAT-01,Azithromycin_250mg,37.14,NORMAL,35,42
2026-05-15T02:10:00,BATCH-1005,COAT-01,Azithromycin_250mg,36.59,NORMAL,35,42
2026-05-15T02:15:00,BATCH-1005,COAT-01,Azithromycin_250mg,43.77,DEVIATION,35,42
2026-05-15T02:20:00,BATCH-1005,COAT-01,Azithromycin_250mg,41.05,NORMAL,35,42
2026-05-15T02:25:00,BATCH-1005,COAT-01,Azithromycin_250mg,36.95,NORMAL,35,42
2026-05-15T02:30:00,BATCH-1005,COAT-01,Azithromycin_250mg,37.8,NORMAL,35,42
2026-05-15T02:35:00,BATCH-1005,COAT-01,Azithromycin_250mg,38.75,NORMAL,35,42
2026-05-15T02:40:00,BATCH-1005,COAT-01,Azithromycin_250mg,35.81,NORMAL,35,42
2026-05-15T02:45:00,BATCH-1005,COAT-01,Azithromycin_250mg,36.25,NORMAL,35,42
2026-05-15T02:50:00,BATCH-1005,COAT-01,Azithromycin_250mg,36.86,NORMAL,35,42
2026-05-15T02:55:00,BATCH-1005,COAT-01,Azithromycin_250mg,38.04,NORMAL,35,42
2026-05-16T01:00:00,BATCH-1006,COAT-02,Metformin_500mg,41.57,NORMAL,40,45
2026-05-16T01:05:00,BATCH-1006,COAT-02,Metformin_500mg,42.56,NORMAL,40,45
2026-05-16T01:10:00,BATCH-1006,COAT-02,Metformin_500mg,42.88,NORMAL,40,45
2026-05-16T01:15:00,BATCH-1006,COAT-02,Metformin_500mg,43.54,NORMAL,40,45
2026-05-16T01:20:00,BATCH-1006,COAT-02,Metformin_500mg,49.7,DEVIATION,40,45
2026-05-16T01:25:00,BATCH-1006,COAT-02,Metformin_500mg,43.6,NORMAL,40,45
2026-05-16T01:30:00,BATCH-1006,COAT-02,Metformin_500mg,43.35,NORMAL,40,45
2026-05-16T01:35:00,BATCH-1006,COAT-02,Metformin_500mg,40.35,NORMAL,40,45
2026-05-16T01:40:00,BATCH-1006,COAT-02,Metformin_500mg,41.65,NORMAL,40,45
2026-05-16T01:45:00,BATCH-1006,COAT-02,Metformin_500mg,44.24,NORMAL,40,45
2026-05-16T01:50:00,BATCH-1006,COAT-02,Metformin_500mg,41.5,NORMAL,40,45
2026-05-16T01:55:00,BATCH-1006,COAT-02,Metformin_500mg,42.04,NORMAL,40,45
2026-05-16T02:00:00,BATCH-1006,COAT-02,Metformin_500mg,41.48,NORMAL,40,45
2026-05-16T02:05:00,BATCH-1006,COAT-02,Metformin_500mg,42.1,NORMAL,40,45
2026-05-16T02:10:00,BATCH-1006,COAT-02,Metformin_500mg,43.39,NORMAL,40,45
2026-05-16T02:15:00,BATCH-1006,COAT-02,Metformin_500mg,43.08,NORMAL,40,45
2026-05-16T02:20:00,BATCH-1006,COAT-02,Metformin_500mg,42.74,NORMAL,40,45
2026-05-16T02:25:00,BATCH-1006,COAT-02,Metformin_500mg,47.15,DEVIATION,40,45
2026-05-16T02:30:00,BATCH-1006,COAT-02,Metformin_500mg,42.9,NORMAL,40,45
2026-05-16T02:35:00,BATCH-1006,COAT-02,Metformin_500mg,42.32,NORMAL,40,45
2026-05-16T02:40:00,BATCH-1006,COAT-02,Metformin_500mg,41.07,NORMAL,40,45
2026-05-16T02:45:00,BATCH-1006,COAT-02,Metformin_500mg,44.51,NORMAL,40,45
2026-05-16T02:50:00,BATCH-1006,COAT-02,Metformin_500mg,40.85,NORMAL,40,45
2026-05-16T02:55:00,BATCH-1006,COAT-02,Metformin_500mg,42.58,NORMAL,40,45
2026-05-16T03:00:00,BATCH-1006,COAT-02,Metformin_500mg,41.68,NORMAL,40,45
2026-05-16T03:05:00,BATCH-1006,COAT-02,Metformin_500mg,43.76,NORMAL,40,45
2026-05-16T03:10:00,BATCH-1006,COAT-02,Metformin_500mg,41.12,NORMAL,40,45
2026-05-16T03:15:00,BATCH-1006,COAT-02,Metformin_500mg,40.12,NORMAL,40,45
2026-05-16T03:20:00,BATCH-1006,COAT-02,Metformin_500mg,42.38,NORMAL,40,45
2026-05-16T03:25:00,BATCH-1006,COAT-02,Metformin_500mg,40.36,NORMAL,40,45
2026-05-16T03:30:00,BATCH-1006,COAT-02,Metformin_500mg,43.15,NORMAL,40,45
2026-05-16T03:35:00,BATCH-1006,COAT-02,Metformin_500mg,43.48,NORMAL,40,45
2026-05-16T03:40:00,BATCH-1006,COAT-02,Metformin_500mg,41.22,NORMAL,40,45
2026-05-16T03:45:00,BATCH-1006,COAT-02,Metformin_500mg,40.03,NORMAL,40,45
2026-05-16T03:50:00,BATCH-1006,COAT-02,Metformin_500mg,43.85,NORMAL,40,45
2026-05-16T03:55:00,BATCH-1006,COAT-02,Metformin_500mg,42.13,NORMAL,40,45
2026-05-15T20:00:00,BATCH-1007,COAT-01,Amlodipine_5mg,44.79,NORMAL,40,45
2026-05-15T20:05:00,BATCH-1007,COAT-01,Amlodipine_5mg,40.25,NORMAL,40,45
2026-05-15T20:10:00,BATCH-1007,COAT-01,Amlodipine_5mg,44.24,NORMAL,40,45
2026-05-15T20:15:00,BATCH-1007,COAT-01,Amlodipine_5mg,44.01,NORMAL,40,45
2026-05-15T20:20:00,BATCH-1007,COAT-01,Amlodipine_5mg,44.94,NORMAL,40,45
2026-05-15T20:25:00,BATCH-1007,COAT-01,Amlodipine_5mg,44.75,NORMAL,40,45
2026-05-15T20:30:00,BATCH-1007,COAT-01,Amlodipine_5mg,43.06,NORMAL,40,45
2026-05-15T20:35:00,BATCH-1007,COAT-01,Amlodipine_5mg,42.52,NORMAL,40,45
2026-05-15T20:40:00,BATCH-1007,COAT-01,Amlodipine_5mg,42.74,NORMAL,40,45
2026-05-15T20:45:00,BATCH-1007,COAT-01,Amlodipine_5mg,43.72,NORMAL,40,45
2026-05-15T20:50:00,BATCH-1007,COAT-01,Amlodipine_5mg,41.3,NORMAL,40,45
2026-05-15T20:55:00,BATCH-1007,COAT-01,Amlodipine_5mg,43.19,NORMAL,40,45
2026-05-15T21:00:00,BATCH-1007,COAT-01,Amlodipine_5mg,42.61,NORMAL,40,45
2026-05-15T21:05:00,BATCH-1007,COAT-01,Amlodipine_5mg,41.37,NORMAL,40,45
2026-05-15T21:10:00,BATCH-1007,COAT-01,Amlodipine_5mg,41.43,NORMAL,40,45
2026-05-15T21:15:00,BATCH-1007,COAT-01,Amlodipine_5mg,41.6,NORMAL,40,45
2026-05-15T21:20:00,BATCH-1007,COAT-01,Amlodipine_5mg,40.69,NORMAL,40,45
2026-05-15T21:25:00,BATCH-1007,COAT-01,Amlodipine_5mg,43.47,NORMAL,40,45
2026-05-15T21:30:00,BATCH-1007,COAT-01,Amlodipine_5mg,40.32,NORMAL,40,45
2026-05-15T21:35:00,BATCH-1007,COAT-01,Amlodipine_5mg,42.71,NORMAL,40,45
2026-05-15T21:40:00,BATCH-1007,COAT-01,Amlodipine_5mg,41.03,NORMAL,40,45
2026-05-15T21:45:00,BATCH-1007,COAT-01,Amlodipine_5mg,44.52,NORMAL,40,45
2026-05-15T21:50:00,BATCH-1007,COAT-01,Amlodipine_5mg,43.48,NORMAL,40,45
2026-05-15T21:55:00,BATCH-1007,COAT-01,Amlodipine_5mg,43.83,NORMAL,40,45
2026-05-15T22:00:00,BATCH-1007,COAT-01,Amlodipine_5mg,40.03,NORMAL,40,45
2026-05-15T22:05:00,BATCH-1007,COAT-01,Amlodipine_5mg,43.77,NORMAL,40,45
2026-05-15T22:10:00,BATCH-1007,COAT-01,Amlodipine_5mg,44.77,NORMAL,40,45
2026-05-15T22:15:00,BATCH-1007,COAT-01,Amlodipine_5mg,43.74,NORMAL,40,45
2026-05-15T22:20:00,BATCH-1007,COAT-01,Amlodipine_5mg,43.02,NORMAL,40,45
2026-05-15T22:25:00,BATCH-1007,COAT-01,Amlodipine_5mg,41.1,NORMAL,40,45
2026-05-15T22:30:00,BATCH-1007,COAT-01,Amlodipine_5mg,40.15,NORMAL,40,45
2026-05-15T22:35:00,BATCH-1007,COAT-01,Amlodipine_5mg,43.4,NORMAL,40,45
2026-05-15T22:40:00,BATCH-1007,COAT-01,Amlodipine_5mg,40.83,NORMAL,40,45
2026-05-15T22:45:00,BATCH-1007,COAT-01,Amlodipine_5mg,40.64,NORMAL,40,45
2026-05-15T22:50:00,BATCH-1007,COAT-01,Amlodipine_5mg,40.13,NORMAL,40,45
2026-05-15T22:55:00,BATCH-1007,COAT-01,Amlodipine_5mg,42.82,NORMAL,40,45
2026-05-16T21:00:00,BATCH-1008,COAT-02,Atorvastatin_10mg,47.57,DEVIATION,38,44
2026-05-16T21:05:00,BATCH-1008,COAT-02,Atorvastatin_10mg,40.77,NORMAL,38,44
2026-05-16T21:10:00,BATCH-1008,COAT-02,Atorvastatin_10mg,40.27,NORMAL,38,44
2026-05-16T21:15:00,BATCH-1008,COAT-02,Atorvastatin_10mg,39.96,NORMAL,38,44
2026-05-16T21:20:00,BATCH-1008,COAT-02,Atorvastatin_10mg,40.27,NORMAL,38,44
2026-05-16T21:25:00,BATCH-1008,COAT-02,Atorvastatin_10mg,42.99,NORMAL,38,44
2026-05-16T21:30:00,BATCH-1008,COAT-02,Atorvastatin_10mg,38.49,NORMAL,38,44
2026-05-16T21:35:00,BATCH-1008,COAT-02,Atorvastatin_10mg,47.16,DEVIATION,38,44
2026-05-16T21:40:00,BATCH-1008,COAT-02,Atorvastatin_10mg,40.1,NORMAL,38,44
2026-05-16T21:45:00,BATCH-1008,COAT-02,Atorvastatin_10mg,42.69,NORMAL,38,44
2026-05-16T21:50:00,BATCH-1008,COAT-02,Atorvastatin_10mg,42.53,NORMAL,38,44
2026-05-16T21:55:00,BATCH-1008,COAT-02,Atorvastatin_10mg,39.2,NORMAL,38,44
2026-05-16T22:00:00,BATCH-1008,COAT-02,Atorvastatin_10mg,45.61,DEVIATION,38,44
2026-05-16T22:05:00,BATCH-1008,COAT-02,Atorvastatin_10mg,42.02,NORMAL,38,44
2026-05-16T22:10:00,BATCH-1008,COAT-02,Atorvastatin_10mg,39.31,NORMAL,38,44
2026-05-16T22:15:00,BATCH-1008,COAT-02,Atorvastatin_10mg,42.6,NORMAL,38,44
2026-05-16T22:20:00,BATCH-1008,COAT-02,Atorvastatin_10mg,41.64,NORMAL,38,44
2026-05-16T22:25:00,BATCH-1008,COAT-02,Atorvastatin_10mg,38.69,NORMAL,38,44
2026-05-16T22:30:00,BATCH-1008,COAT-02,Atorvastatin_10mg,43.79,NORMAL,38,44
2026-05-16T22:35:00,BATCH-1008,COAT-02,Atorvastatin_10mg,38.15,NORMAL,38,44
2026-05-16T22:40:00,BATCH-1008,COAT-02,Atorvastatin_10mg,42.06,NORMAL,38,44
2026-05-16T22:45:00,BATCH-1008,COAT-02,Atorvastatin_10mg,40.38,NORMAL,38,44
2026-05-16T22:50:00,BATCH-1008,COAT-02,Atorvastatin_10mg,38.46,NORMAL,38,44
2026-05-16T22:55:00,BATCH-1008,COAT-02,Atorvastatin_10mg,41.76,NORMAL,38,44
2026-05-16T23:00:00,BATCH-1008,COAT-02,Atorvastatin_10mg,42.63,NORMAL,38,44
2026-05-16T23:05:00,BATCH-1008,COAT-02,Atorvastatin_10mg,41.6,NORMAL,38,44
2026-05-16T23:10:00,BATCH-1008,COAT-02,Atorvastatin_10mg,43.9,NORMAL,38,44
2026-05-16T23:15:00,BATCH-1008,COAT-02,Atorvastatin_10mg,40.08,NORMAL,38,44
2026-05-16T23:20:00,BATCH-1008,COAT-02,Atorvastatin_10mg,40.22,NORMAL,38,44
2026-05-16T23:25:00,BATCH-1008,COAT-02,Atorvastatin_10mg,40.05,NORMAL,38,44
2026-05-16T23:30:00,BATCH-1008,COAT-02,Atorvastatin_10mg,42.93,NORMAL,38,44
2026-05-16T23:35:00,BATCH-1008,COAT-02,Atorvastatin_10mg,43.76,NORMAL,38,44
2026-05-16T23:40:00,BATCH-1008,COAT-02,Atorvastatin_10mg,42.97,NORMAL,38,44
2026-05-16T23:45:00,BATCH-1008,COAT-02,Atorvastatin_10mg,40.61,NORMAL,38,44
2026-05-16T23:50:00,BATCH-1008,COAT-02,Atorvastatin_10mg,43.79,NORMAL,38,44
2026-05-16T23:55:00,BATCH-1008,COAT-02,Atorvastatin_10mg,42.85,NORMAL,38,44
2026-05-16T22:00:00,BATCH-1009,COAT-01,Paracetamol_500mg,42.9,NORMAL,40,46
2026-05-16T22:05:00,BATCH-1009,COAT-01,Paracetamol_500mg,44.39,NORMAL,40,46
2026-05-16T22:10:00,BATCH-1009,COAT-01,Paracetamol_500mg,45.11,NORMAL,40,46
2026-05-16T22:15:00,BATCH-1009,COAT-01,Paracetamol_500mg,40.52,NORMAL,40,46
2026-05-16T22:20:00,BATCH-1009,COAT-01,Paracetamol_500mg,41.46,NORMAL,40,46
2026-05-16T22:25:00,BATCH-1009,COAT-01,Paracetamol_500mg,43.66,NORMAL,40,46
2026-05-16T22:30:00,BATCH-1009,COAT-01,Paracetamol_500mg,40.17,NORMAL,40,46
2026-05-16T22:35:00,BATCH-1009,COAT-01,Paracetamol_500mg,41.09,NORMAL,40,46
2026-05-16T22:40:00,BATCH-1009,COAT-01,Paracetamol_500mg,44.79,NORMAL,40,46
2026-05-16T22:45:00,BATCH-1009,COAT-01,Paracetamol_500mg,45.28,NORMAL,40,46
2026-05-16T22:50:00,BATCH-1009,COAT-01,Paracetamol_500mg,41.66,NORMAL,40,46
2026-05-16T22:55:00,BATCH-1009,COAT-01,Paracetamol_500mg,50.79,DEVIATION,40,46
2026-05-16T23:00:00,BATCH-1009,COAT-01,Paracetamol_500mg,44.32,NORMAL,40,46
2026-05-16T23:05:00,BATCH-1009,COAT-01,Paracetamol_500mg,44.55,NORMAL,40,46
2026-05-16T23:10:00,BATCH-1009,COAT-01,Paracetamol_500mg,43.88,NORMAL,40,46
2026-05-16T23:15:00,BATCH-1009,COAT-01,Paracetamol_500mg,44.76,NORMAL,40,46
2026-05-16T23:20:00,BATCH-1009,COAT-01,Paracetamol_500mg,41.33,NORMAL,40,46
2026-05-16T23:25:00,BATCH-1009,COAT-01,Paracetamol_500mg,41.84,NORMAL,40,46
2026-05-16T23:30:00,BATCH-1009,COAT-01,Paracetamol_500mg,42.84,NORMAL,40,46
2026-05-16T23:35:00,BATCH-1009,COAT-01,Paracetamol_500mg,42.55,NORMAL,40,46
2026-05-16T23:40:00,BATCH-1009,COAT-01,Paracetamol_500mg,41.98,NORMAL,40,46
2026-05-16T23:45:00,BATCH-1009,COAT-01,Paracetamol_500mg,41.63,NORMAL,40,46
2026-05-16T23:50:00,BATCH-1009,COAT-01,Paracetamol_500mg,40.72,NORMAL,40,46
2026-05-16T23:55:00,BATCH-1009,COAT-01,Paracetamol_500mg,40.72,NORMAL,40,46
2026-05-17T00:00:00,BATCH-1009,COAT-01,Paracetamol_500mg,44.57,NORMAL,40,46
2026-05-17T00:05:00,BATCH-1009,COAT-01,Paracetamol_500mg,41.3,NORMAL,40,46
2026-05-17T00:10:00,BATCH-1009,COAT-01,Paracetamol_500mg,44.35,NORMAL,40,46
2026-05-17T00:15:00,BATCH-1009,COAT-01,Paracetamol_500mg,43.15,NORMAL,40,46
2026-05-17T00:20:00,BATCH-1009,COAT-01,Paracetamol_500mg,40.6,NORMAL,40,46
2026-05-17T00:25:00,BATCH-1009,COAT-01,Paracetamol_500mg,41.36,NORMAL,40,46
2026-05-17T00:30:00,BATCH-1009,COAT-01,Paracetamol_500mg,40.08,NORMAL,40,46
2026-05-17T00:35:00,BATCH-1009,COAT-01,Paracetamol_500mg,41.65,NORMAL,40,46
2026-05-17T00:40:00,BATCH-1009,COAT-01,Paracetamol_500mg,43.32,NORMAL,40,46
2026-05-17T00:45:00,BATCH-1009,COAT-01,Paracetamol_500mg,40.76,NORMAL,40,46
2026-05-17T00:50:00,BATCH-1009,COAT-01,Paracetamol_500mg,42.95,NORMAL,40,46
2026-05-17T00:55:00,BATCH-1009,COAT-01,Paracetamol_500mg,43.44,NORMAL,40,46
2026-05-17T23:00:00,BATCH-1010,COAT-02,Azithromycin_250mg,38.08,NORMAL,35,42
2026-05-17T23:05:00,BATCH-1010,COAT-02,Azithromycin_250mg,35.36,NORMAL,35,42
2026-05-17T23:10:00,BATCH-1010,COAT-02,Azithromycin_250mg,38.34,NORMAL,35,42
2026-05-17T23:15:00,BATCH-1010,COAT-02,Azithromycin_250mg,37.8,NORMAL,35,42
2026-05-17T23:20:00,BATCH-1010,COAT-02,Azithromycin_250mg,39.41,NORMAL,35,42
2026-05-17T23:25:00,BATCH-1010,COAT-02,Azithromycin_250mg,36.04,NORMAL,35,42
2026-05-17T23:30:00,BATCH-1010,COAT-02,Azithromycin_250mg,37.13,NORMAL,35,42
2026-05-17T23:35:00,BATCH-1010,COAT-02,Azithromycin_250mg,35.83,NORMAL,35,42
2026-05-17T23:40:00,BATCH-1010,COAT-02,Azithromycin_250mg,39.24,NORMAL,35,42
2026-05-17T23:45:00,BATCH-1010,COAT-02,Azithromycin_250mg,36.58,NORMAL,35,42
2026-05-17T23:50:00,BATCH-1010,COAT-02,Azithromycin_250mg,38.15,NORMAL,35,42
2026-05-17T23:55:00,BATCH-1010,COAT-02,Azithromycin_250mg,41.02,NORMAL,35,42
2026-05-18T00:00:00,BATCH-1010,COAT-02,Azithromycin_250mg,37.14,NORMAL,35,42
2026-05-18T00:05:00,BATCH-1010,COAT-02,Azithromycin_250mg,39.27,NORMAL,35,42
2026-05-18T00:10:00,BATCH-1010,COAT-02,Azithromycin_250mg,41.63,NORMAL,35,42
2026-05-18T00:15:00,BATCH-1010,COAT-02,Azithromycin_250mg,36.48,NORMAL,35,42
2026-05-18T00:20:00,BATCH-1010,COAT-02,Azithromycin_250mg,36.1,NORMAL,35,42
2026-05-18T00:25:00,BATCH-1010,COAT-02,Azithromycin_250mg,35.53,NORMAL,35,42
2026-05-18T00:30:00,BATCH-1010,COAT-02,Azithromycin_250mg,44.8,DEVIATION,35,42
2026-05-18T00:35:00,BATCH-1010,COAT-02,Azithromycin_250mg,37.04,NORMAL,35,42
2026-05-18T00:40:00,BATCH-1010,COAT-02,Azithromycin_250mg,39.95,NORMAL,35,42
2026-05-18T00:45:00,BATCH-1010,COAT-02,Azithromycin_250mg,38.18,NORMAL,35,42
2026-05-18T00:50:00,BATCH-1010,COAT-02,Azithromycin_250mg,41.47,NORMAL,35,42
2026-05-18T00:55:00,BATCH-1010,COAT-02,Azithromycin_250mg,39.38,NORMAL,35,42
2026-05-18T01:00:00,BATCH-1010,COAT-02,Azithromycin_250mg,41.54,NORMAL,35,42
2026-05-18T01:05:00,BATCH-1010,COAT-02,Azithromycin_250mg,38.81,NORMAL,35,42
2026-05-18T01:10:00,BATCH-1010,COAT-02,Azithromycin_250mg,41.36,NORMAL,35,42
2026-05-18T01:15:00,BATCH-1010,COAT-02,Azithromycin_250mg,35.5,NORMAL,35,42
2026-05-18T01:20:00,BATCH-1010,COAT-02,Azithromycin_250mg,37.15,NORMAL,35,42
2026-05-18T01:25:00,BATCH-1010,COAT-02,Azithromycin_250mg,38.98,NORMAL,35,42
2026-05-18T01:30:00,BATCH-1010,COAT-02,Azithromycin_250mg,35.87,NORMAL,35,42
2026-05-18T01:35:00,BATCH-1010,COAT-02,Azithromycin_250mg,39.9,NORMAL,35,42
2026-05-18T01:40:00,BATCH-1010,COAT-02,Azithromycin_250mg,38.5,NORMAL,35,42
2026-05-18T01:45:00,BATCH-1010,COAT-02,Azithromycin_250mg,35.56,NORMAL,35,42
2026-05-18T01:50:00,BATCH-1010,COAT-02,Azithromycin_250mg,44.73,DEVIATION,35,42
2026-05-18T01:55:00,BATCH-1010,COAT-02,Azithromycin_250mg,36.75,NORMAL,35,42
2026-05-19T00:00:00,BATCH-1011,COAT-01,Metformin_500mg,40.46,NORMAL,40,45
2026-05-19T00:05:00,BATCH-1011,COAT-01,Metformin_500mg,44.81,NORMAL,40,45
2026-05-19T00:10:00,BATCH-1011,COAT-01,Metformin_500mg,44.18,NORMAL,40,45
2026-05-19T00:15:00,BATCH-1011,COAT-01,Metformin_500mg,42.88,NORMAL,40,45
2026-05-19T00:20:00,BATCH-1011,COAT-01,Metformin_500mg,44.75,NORMAL,40,45
2026-05-19T00:25:00,BATCH-1011,COAT-01,Metformin_500mg,45.0,NORMAL,40,45
2026-05-19T00:30:00,BATCH-1011,COAT-01,Metformin_500mg,43.36,NORMAL,40,45
2026-05-19T00:35:00,BATCH-1011,COAT-01,Metformin_500mg,41.35,NORMAL,40,45
2026-05-19T00:40:00,BATCH-1011,COAT-01,Metformin_500mg,40.2,NORMAL,40,45
2026-05-19T00:45:00,BATCH-1011,COAT-01,Metformin_500mg,43.78,NORMAL,40,45
2026-05-19T00:50:00,BATCH-1011,COAT-01,Metformin_500mg,42.35,NORMAL,40,45
2026-05-19T00:55:00,BATCH-1011,COAT-01,Metformin_500mg,43.26,NORMAL,40,45
2026-05-19T01:00:00,BATCH-1011,COAT-01,Metformin_500mg,47.75,DEVIATION,40,45
2026-05-19T01:05:00,BATCH-1011,COAT-01,Metformin_500mg,45.54,DEVIATION,40,45
2026-05-19T01:10:00,BATCH-1011,COAT-01,Metformin_500mg,46.76,DEVIATION,40,45
2026-05-19T01:15:00,BATCH-1011,COAT-01,Metformin_500mg,46.9,DEVIATION,40,45
2026-05-19T01:20:00,BATCH-1011,COAT-01,Metformin_500mg,46.48,DEVIATION,40,45
2026-05-19T01:25:00,BATCH-1011,COAT-01,Metformin_500mg,45.27,DEVIATION,40,45
2026-05-19T01:30:00,BATCH-1011,COAT-01,Metformin_500mg,46.04,DEVIATION,40,45
2026-05-19T01:35:00,BATCH-1011,COAT-01,Metformin_500mg,46.0,DEVIATION,40,45
2026-05-19T01:40:00,BATCH-1011,COAT-01,Metformin_500mg,47.01,DEVIATION,40,45
2026-05-19T01:45:00,BATCH-1011,COAT-01,Metformin_500mg,47.57,DEVIATION,40,45
2026-05-19T01:50:00,BATCH-1011,COAT-01,Metformin_500mg,45.99,DEVIATION,40,45
2026-05-19T01:55:00,BATCH-1011,COAT-01,Metformin_500mg,47.08,DEVIATION,40,45
2026-05-19T02:00:00,BATCH-1011,COAT-01,Metformin_500mg,37.86,DEVIATION,40,45
2026-05-19T02:05:00,BATCH-1011,COAT-01,Metformin_500mg,39.84,DEVIATION,40,45
2026-05-19T02:10:00,BATCH-1011,COAT-01,Metformin_500mg,39.44,DEVIATION,40,45
2026-05-19T02:15:00,BATCH-1011,COAT-01,Metformin_500mg,38.65,DEVIATION,40,45
2026-05-19T02:20:00,BATCH-1011,COAT-01,Metformin_500mg,38.36,DEVIATION,40,45
2026-05-19T02:25:00,BATCH-1011,COAT-01,Metformin_500mg,37.94,DEVIATION,40,45
2026-05-19T02:30:00,BATCH-1011,COAT-01,Metformin_500mg,37.97,DEVIATION,40,45
2026-05-19T02:35:00,BATCH-1011,COAT-01,Metformin_500mg,39.91,DEVIATION,40,45
2026-05-19T02:40:00,BATCH-1011,COAT-01,Metformin_500mg,38.21,DEVIATION,40,45
2026-05-19T02:45:00,BATCH-1011,COAT-01,Metformin_500mg,38.54,DEVIATION,40,45
2026-05-19T02:50:00,BATCH-1011,COAT-01,Metformin_500mg,39.96,DEVIATION,40,45
2026-05-19T02:55:00,BATCH-1011,COAT-01,Metformin_500mg,38.97,DEVIATION,40,45
2026-05-19T01:00:00,BATCH-1012,COAT-02,Amlodipine_5mg,42.07,NORMAL,40,45
2026-05-19T01:05:00,BATCH-1012,COAT-02,Amlodipine_5mg,41.81,NORMAL,40,45
2026-05-19T01:10:00,BATCH-1012,COAT-02,Amlodipine_5mg,43.13,NORMAL,40,45
2026-05-19T01:15:00,BATCH-1012,COAT-02,Amlodipine_5mg,41.02,NORMAL,40,45
2026-05-19T01:20:00,BATCH-1012,COAT-02,Amlodipine_5mg,44.64,NORMAL,40,45
2026-05-19T01:25:00,BATCH-1012,COAT-02,Amlodipine_5mg,43.49,NORMAL,40,45
2026-05-19T01:30:00,BATCH-1012,COAT-02,Amlodipine_5mg,44.87,NORMAL,40,45
2026-05-19T01:35:00,BATCH-1012,COAT-02,Amlodipine_5mg,41.2,NORMAL,40,45
2026-05-19T01:40:00,BATCH-1012,COAT-02,Amlodipine_5mg,42.75,NORMAL,40,45
2026-05-19T01:45:00,BATCH-1012,COAT-02,Amlodipine_5mg,40.47,NORMAL,40,45
2026-05-19T01:50:00,BATCH-1012,COAT-02,Amlodipine_5mg,44.56,NORMAL,40,45
2026-05-19T01:55:00,BATCH-1012,COAT-02,Amlodipine_5mg,40.59,NORMAL,40,45
2026-05-19T02:00:00,BATCH-1012,COAT-02,Amlodipine_5mg,42.49,NORMAL,40,45
2026-05-19T02:05:00,BATCH-1012,COAT-02,Amlodipine_5mg,42.54,NORMAL,40,45
2026-05-19T02:10:00,BATCH-1012,COAT-02,Amlodipine_5mg,44.17,NORMAL,40,45
2026-05-19T02:15:00,BATCH-1012,COAT-02,Amlodipine_5mg,41.22,NORMAL,40,45
2026-05-19T02:20:00,BATCH-1012,COAT-02,Amlodipine_5mg,41.92,NORMAL,40,45
2026-05-19T02:25:00,BATCH-1012,COAT-02,Amlodipine_5mg,42.54,NORMAL,40,45
2026-05-19T02:30:00,BATCH-1012,COAT-02,Amlodipine_5mg,44.32,NORMAL,40,45
2026-05-19T02:35:00,BATCH-1012,COAT-02,Amlodipine_5mg,43.95,NORMAL,40,45
2026-05-19T02:40:00,BATCH-1012,COAT-02,Amlodipine_5mg,44.67,NORMAL,40,45
2026-05-19T02:45:00,BATCH-1012,COAT-02,Amlodipine_5mg,44.1,NORMAL,40,45
2026-05-19T02:50:00,BATCH-1012,COAT-02,Amlodipine_5mg,41.49,NORMAL,40,45
2026-05-19T02:55:00,BATCH-1012,COAT-02,Amlodipine_5mg,44.99,NORMAL,40,45
2026-05-19T03:00:00,BATCH-1012,COAT-02,Amlodipine_5mg,40.74,NORMAL,40,45
2026-05-19T03:05:00,BATCH-1012,COAT-02,Amlodipine_5mg,41.73,NORMAL,40,45
2026-05-19T03:10:00,BATCH-1012,COAT-02,Amlodipine_5mg,42.72,NORMAL,40,45
2026-05-19T03:15:00,BATCH-1012,COAT-02,Amlodipine_5mg,41.61,NORMAL,40,45
2026-05-19T03:20:00,BATCH-1012,COAT-02,Amlodipine_5mg,43.49,NORMAL,40,45
2026-05-19T03:25:00,BATCH-1012,COAT-02,Amlodipine_5mg,41.17,NORMAL,40,45
2026-05-19T03:30:00,BATCH-1012,COAT-02,Amlodipine_5mg,40.22,NORMAL,40,45
2026-05-19T03:35:00,BATCH-1012,COAT-02,Amlodipine_5mg,43.53,NORMAL,40,45
2026-05-19T03:40:00,BATCH-1012,COAT-02,Amlodipine_5mg,41.93,NORMAL,40,45
2026-05-19T03:45:00,BATCH-1012,COAT-02,Amlodipine_5mg,44.1,NORMAL,40,45
2026-05-19T03:50:00,BATCH-1012,COAT-02,Amlodipine_5mg,42.48,NORMAL,40,45
2026-05-19T03:55:00,BATCH-1012,COAT-02,Amlodipine_5mg,48.01,DEVIATION,40,45
2026-05-19T20:00:00,BATCH-1013,COAT-01,Atorvastatin_10mg,43.22,NORMAL,38,44
2026-05-19T20:05:00,BATCH-1013,COAT-01,Atorvastatin_10mg,40.64,NORMAL,38,44
2026-05-19T20:10:00,BATCH-1013,COAT-01,Atorvastatin_10mg,40.74,NORMAL,38,44
2026-05-19T20:15:00,BATCH-1013,COAT-01,Atorvastatin_10mg,40.46,NORMAL,38,44
2026-05-19T20:20:00,BATCH-1013,COAT-01,Atorvastatin_10mg,38.93,NORMAL,38,44
2026-05-19T20:25:00,BATCH-1013,COAT-01,Atorvastatin_10mg,43.82,NORMAL,38,44
2026-05-19T20:30:00,BATCH-1013,COAT-01,Atorvastatin_10mg,42.16,NORMAL,38,44
2026-05-19T20:35:00,BATCH-1013,COAT-01,Atorvastatin_10mg,43.11,NORMAL,38,44
2026-05-19T20:40:00,BATCH-1013,COAT-01,Atorvastatin_10mg,43.16,NORMAL,38,44
2026-05-19T20:45:00,BATCH-1013,COAT-01,Atorvastatin_10mg,39.9,NORMAL,38,44
2026-05-19T20:50:00,BATCH-1013,COAT-01,Atorvastatin_10mg,42.56,NORMAL,38,44
2026-05-19T20:55:00,BATCH-1013,COAT-01,Atorvastatin_10mg,38.22,NORMAL,38,44
2026-05-19T21:00:00,BATCH-1013,COAT-01,Atorvastatin_10mg,41.79,NORMAL,38,44
2026-05-19T21:05:00,BATCH-1013,COAT-01,Atorvastatin_10mg,43.98,NORMAL,38,44
2026-05-19T21:10:00,BATCH-1013,COAT-01,Atorvastatin_10mg,40.6,NORMAL,38,44
2026-05-19T21:15:00,BATCH-1013,COAT-01,Atorvastatin_10mg,41.8,NORMAL,38,44
2026-05-19T21:20:00,BATCH-1013,COAT-01,Atorvastatin_10mg,40.66,NORMAL,38,44
2026-05-19T21:25:00,BATCH-1013,COAT-01,Atorvastatin_10mg,43.42,NORMAL,38,44
2026-05-19T21:30:00,BATCH-1013,COAT-01,Atorvastatin_10mg,42.78,NORMAL,38,44
2026-05-19T21:35:00,BATCH-1013,COAT-01,Atorvastatin_10mg,40.25,NORMAL,38,44
2026-05-19T21:40:00,BATCH-1013,COAT-01,Atorvastatin_10mg,41.19,NORMAL,38,44
2026-05-19T21:45:00,BATCH-1013,COAT-01,Atorvastatin_10mg,42.76,NORMAL,38,44
2026-05-19T21:50:00,BATCH-1013,COAT-01,Atorvastatin_10mg,38.47,NORMAL,38,44
2026-05-19T21:55:00,BATCH-1013,COAT-01,Atorvastatin_10mg,41.72,NORMAL,38,44
2026-05-19T22:00:00,BATCH-1013,COAT-01,Atorvastatin_10mg,43.48,NORMAL,38,44
2026-05-19T22:05:00,BATCH-1013,COAT-01,Atorvastatin_10mg,40.77,NORMAL,38,44
2026-05-19T22:10:00,BATCH-1013,COAT-01,Atorvastatin_10mg,39.53,NORMAL,38,44
2026-05-19T22:15:00,BATCH-1013,COAT-01,Atorvastatin_10mg,48.22,DEVIATION,38,44
2026-05-19T22:20:00,BATCH-1013,COAT-01,Atorvastatin_10mg,42.07,NORMAL,38,44
2026-05-19T22:25:00,BATCH-1013,COAT-01,Atorvastatin_10mg,40.65,NORMAL,38,44
2026-05-19T22:30:00,BATCH-1013,COAT-01,Atorvastatin_10mg,41.53,NORMAL,38,44
2026-05-19T22:35:00,BATCH-1013,COAT-01,Atorvastatin_10mg,40.55,NORMAL,38,44
2026-05-19T22:40:00,BATCH-1013,COAT-01,Atorvastatin_10mg,43.07,NORMAL,38,44
2026-05-19T22:45:00,BATCH-1013,COAT-01,Atorvastatin_10mg,40.31,NORMAL,38,44
2026-05-19T22:50:00,BATCH-1013,COAT-01,Atorvastatin_10mg,39.42,NORMAL,38,44
2026-05-19T22:55:00,BATCH-1013,COAT-01,Atorvastatin_10mg,41.45,NORMAL,38,44
2026-05-19T21:00:00,BATCH-1014,COAT-02,Paracetamol_500mg,41.77,NORMAL,40,46
2026-05-19T21:05:00,BATCH-1014,COAT-02,Paracetamol_500mg,43.95,NORMAL,40,46
2026-05-19T21:10:00,BATCH-1014,COAT-02,Paracetamol_500mg,43.4,NORMAL,40,46
2026-05-19T21:15:00,BATCH-1014,COAT-02,Paracetamol_500mg,44.47,NORMAL,40,46
2026-05-19T21:20:00,BATCH-1014,COAT-02,Paracetamol_500mg,43.64,NORMAL,40,46
2026-05-19T21:25:00,BATCH-1014,COAT-02,Paracetamol_500mg,45.42,NORMAL,40,46
2026-05-19T21:30:00,BATCH-1014,COAT-02,Paracetamol_500mg,44.79,NORMAL,40,46
2026-05-19T21:35:00,BATCH-1014,COAT-02,Paracetamol_500mg,42.11,NORMAL,40,46
2026-05-19T21:40:00,BATCH-1014,COAT-02,Paracetamol_500mg,43.73,NORMAL,40,46
2026-05-19T21:45:00,BATCH-1014,COAT-02,Paracetamol_500mg,44.33,NORMAL,40,46
2026-05-19T21:50:00,BATCH-1014,COAT-02,Paracetamol_500mg,45.03,NORMAL,40,46
2026-05-19T21:55:00,BATCH-1014,COAT-02,Paracetamol_500mg,45.42,NORMAL,40,46
2026-05-19T22:00:00,BATCH-1014,COAT-02,Paracetamol_500mg,41.85,NORMAL,40,46
2026-05-19T22:05:00,BATCH-1014,COAT-02,Paracetamol_500mg,43.48,NORMAL,40,46
2026-05-19T22:10:00,BATCH-1014,COAT-02,Paracetamol_500mg,40.54,NORMAL,40,46
2026-05-19T22:15:00,BATCH-1014,COAT-02,Paracetamol_500mg,44.48,NORMAL,40,46
2026-05-19T22:20:00,BATCH-1014,COAT-02,Paracetamol_500mg,40.79,NORMAL,40,46
2026-05-19T22:25:00,BATCH-1014,COAT-02,Paracetamol_500mg,45.83,NORMAL,40,46
2026-05-19T22:30:00,BATCH-1014,COAT-02,Paracetamol_500mg,45.48,NORMAL,40,46
2026-05-19T22:35:00,BATCH-1014,COAT-02,Paracetamol_500mg,41.54,NORMAL,40,46
2026-05-19T22:40:00,BATCH-1014,COAT-02,Paracetamol_500mg,42.89,NORMAL,40,46
2026-05-19T22:45:00,BATCH-1014,COAT-02,Paracetamol_500mg,44.48,NORMAL,40,46
2026-05-19T22:50:00,BATCH-1014,COAT-02,Paracetamol_500mg,40.69,NORMAL,40,46
2026-05-19T22:55:00,BATCH-1014,COAT-02,Paracetamol_500mg,40.84,NORMAL,40,46
2026-05-19T23:00:00,BATCH-1014,COAT-02,Paracetamol_500mg,45.16,NORMAL,40,46
2026-05-19T23:05:00,BATCH-1014,COAT-02,Paracetamol_500mg,45.88,NORMAL,40,46
2026-05-19T23:10:00,BATCH-1014,COAT-02,Paracetamol_500mg,44.83,NORMAL,40,46
2026-05-19T23:15:00,BATCH-1014,COAT-02,Paracetamol_500mg,44.74,NORMAL,40,46
2026-05-19T23:20:00,BATCH-1014,COAT-02,Paracetamol_500mg,49.15,DEVIATION,40,46
2026-05-19T23:25:00,BATCH-1014,COAT-02,Paracetamol_500mg,44.04,NORMAL,40,46
2026-05-19T23:30:00,BATCH-1014,COAT-02,Paracetamol_500mg,43.51,NORMAL,40,46
2026-05-19T23:35:00,BATCH-1014,COAT-02,Paracetamol_500mg,45.64,NORMAL,40,46
2026-05-19T23:40:00,BATCH-1014,COAT-02,Paracetamol_500mg,41.4,NORMAL,40,46
2026-05-19T23:45:00,BATCH-1014,COAT-02,Paracetamol_500mg,50.54,DEVIATION,40,46
2026-05-19T23:50:00,BATCH-1014,COAT-02,Paracetamol_500mg,45.49,NORMAL,40,46
2026-05-19T23:55:00,BATCH-1014,COAT-02,Paracetamol_500mg,40.38,NORMAL,40,46
2026-05-20T22:00:00,BATCH-1015,COAT-01,Azithromycin_250mg,41.37,NORMAL,35,42
2026-05-20T22:05:00,BATCH-1015,COAT-01,Azithromycin_250mg,37.86,NORMAL,35,42
2026-05-20T22:10:00,BATCH-1015,COAT-01,Azithromycin_250mg,41.62,NORMAL,35,42
2026-05-20T22:15:00,BATCH-1015,COAT-01,Azithromycin_250mg,38.45,NORMAL,35,42
2026-05-20T22:20:00,BATCH-1015,COAT-01,Azithromycin_250mg,41.21,NORMAL,35,42
2026-05-20T22:25:00,BATCH-1015,COAT-01,Azithromycin_250mg,38.18,NORMAL,35,42
2026-05-20T22:30:00,BATCH-1015,COAT-01,Azithromycin_250mg,40.2,NORMAL,35,42
2026-05-20T22:35:00,BATCH-1015,COAT-01,Azithromycin_250mg,37.93,NORMAL,35,42
2026-05-20T22:40:00,BATCH-1015,COAT-01,Azithromycin_250mg,36.08,NORMAL,35,42
2026-05-20T22:45:00,BATCH-1015,COAT-01,Azithromycin_250mg,35.69,NORMAL,35,42
2026-05-20T22:50:00,BATCH-1015,COAT-01,Azithromycin_250mg,37.86,NORMAL,35,42
2026-05-20T22:55:00,BATCH-1015,COAT-01,Azithromycin_250mg,35.23,NORMAL,35,42
2026-05-20T23:00:00,BATCH-1015,COAT-01,Azithromycin_250mg,38.1,NORMAL,35,42
2026-05-20T23:05:00,BATCH-1015,COAT-01,Azithromycin_250mg,40.99,NORMAL,35,42
2026-05-20T23:10:00,BATCH-1015,COAT-01,Azithromycin_250mg,39.8,NORMAL,35,42
2026-05-20T23:15:00,BATCH-1015,COAT-01,Azithromycin_250mg,41.84,NORMAL,35,42
2026-05-20T23:20:00,BATCH-1015,COAT-01,Azithromycin_250mg,37.79,NORMAL,35,42
2026-05-20T23:25:00,BATCH-1015,COAT-01,Azithromycin_250mg,35.86,NORMAL,35,42
2026-05-20T23:30:00,BATCH-1015,COAT-01,Azithromycin_250mg,38.18,NORMAL,35,42
2026-05-20T23:35:00,BATCH-1015,COAT-01,Azithromycin_250mg,39.49,NORMAL,35,42
2026-05-20T23:40:00,BATCH-1015,COAT-01,Azithromycin_250mg,35.15,NORMAL,35,42
2026-05-20T23:45:00,BATCH-1015,COAT-01,Azithromycin_250mg,36.7,NORMAL,35,42
2026-05-20T23:50:00,BATCH-1015,COAT-01,Azithromycin_250mg,38.95,NORMAL,35,42
2026-05-20T23:55:00,BATCH-1015,COAT-01,Azithromycin_250mg,40.36,NORMAL,35,42
2026-05-21T00:00:00,BATCH-1015,COAT-01,Azithromycin_250mg,36.51,NORMAL,35,42
2026-05-21T00:05:00,BATCH-1015,COAT-01,Azithromycin_250mg,37.3,NORMAL,35,42
2026-05-21T00:10:00,BATCH-1015,COAT-01,Azithromycin_250mg,41.3,NORMAL,35,42
2026-05-21T00:15:00,BATCH-1015,COAT-01,Azithromycin_250mg,46.43,DEVIATION,35,42
2026-05-21T00:20:00,BATCH-1015,COAT-01,Azithromycin_250mg,35.91,NORMAL,35,42
2026-05-21T00:25:00,BATCH-1015,COAT-01,Azithromycin_250mg,36.22,NORMAL,35,42
2026-05-21T00:30:00,BATCH-1015,COAT-01,Azithromycin_250mg,35.18,NORMAL,35,42
2026-05-21T00:35:00,BATCH-1015,COAT-01,Azithromycin_250mg,46.16,DEVIATION,35,42
2026-05-21T00:40:00,BATCH-1015,COAT-01,Azithromycin_250mg,37.27,NORMAL,35,42
2026-05-21T00:45:00,BATCH-1015,COAT-01,Azithromycin_250mg,35.37,NORMAL,35,42
2026-05-21T00:50:00,BATCH-1015,COAT-01,Azithromycin_250mg,38.68,NORMAL,35,42
2026-05-21T00:55:00,BATCH-1015,COAT-01,Azithromycin_250mg,38.33,NORMAL,35,42
2026-05-21T23:00:00,BATCH-1016,COAT-02,Metformin_500mg,42.57,NORMAL,40,45
2026-05-21T23:05:00,BATCH-1016,COAT-02,Metformin_500mg,42.52,NORMAL,40,45
2026-05-21T23:10:00,BATCH-1016,COAT-02,Metformin_500mg,40.22,NORMAL,40,45
2026-05-21T23:15:00,BATCH-1016,COAT-02,Metformin_500mg,44.33,NORMAL,40,45
2026-05-21T23:20:00,BATCH-1016,COAT-02,Metformin_500mg,42.29,NORMAL,40,45
2026-05-21T23:25:00,BATCH-1016,COAT-02,Metformin_500mg,40.3,NORMAL,40,45
2026-05-21T23:30:00,BATCH-1016,COAT-02,Metformin_500mg,42.01,NORMAL,40,45
2026-05-21T23:35:00,BATCH-1016,COAT-02,Metformin_500mg,42.45,NORMAL,40,45
2026-05-21T23:40:00,BATCH-1016,COAT-02,Metformin_500mg,40.37,NORMAL,40,45
2026-05-21T23:45:00,BATCH-1016,COAT-02,Metformin_500mg,43.04,NORMAL,40,45
2026-05-21T23:50:00,BATCH-1016,COAT-02,Metformin_500mg,41.38,NORMAL,40,45
2026-05-21T23:55:00,BATCH-1016,COAT-02,Metformin_500mg,42.74,NORMAL,40,45
2026-05-22T00:00:00,BATCH-1016,COAT-02,Metformin_500mg,44.97,NORMAL,40,45
2026-05-22T00:05:00,BATCH-1016,COAT-02,Metformin_500mg,42.27,NORMAL,40,45
2026-05-22T00:10:00,BATCH-1016,COAT-02,Metformin_500mg,40.5,NORMAL,40,45
2026-05-22T00:15:00,BATCH-1016,COAT-02,Metformin_500mg,44.26,NORMAL,40,45
2026-05-22T00:20:00,BATCH-1016,COAT-02,Metformin_500mg,43.84,NORMAL,40,45
2026-05-22T00:25:00,BATCH-1016,COAT-02,Metformin_500mg,41.08,NORMAL,40,45
2026-05-22T00:30:00,BATCH-1016,COAT-02,Metformin_500mg,41.14,NORMAL,40,45
2026-05-22T00:35:00,BATCH-1016,COAT-02,Metformin_500mg,42.27,NORMAL,40,45
2026-05-22T00:40:00,BATCH-1016,COAT-02,Metformin_500mg,40.48,NORMAL,40,45
2026-05-22T00:45:00,BATCH-1016,COAT-02,Metformin_500mg,43.33,NORMAL,40,45
2026-05-22T00:50:00,BATCH-1016,COAT-02,Metformin_500mg,40.76,NORMAL,40,45
2026-05-22T00:55:00,BATCH-1016,COAT-02,Metformin_500mg,40.34,NORMAL,40,45
2026-05-22T01:00:00,BATCH-1016,COAT-02,Metformin_500mg,40.47,NORMAL,40,45
2026-05-22T01:05:00,BATCH-1016,COAT-02,Metformin_500mg,43.69,NORMAL,40,45
2026-05-22T01:10:00,BATCH-1016,COAT-02,Metformin_500mg,42.78,NORMAL,40,45
2026-05-22T01:15:00,BATCH-1016,COAT-02,Metformin_500mg,42.81,NORMAL,40,45
2026-05-22T01:20:00,BATCH-1016,COAT-02,Metformin_500mg,40.61,NORMAL,40,45
2026-05-22T01:25:00,BATCH-1016,COAT-02,Metformin_500mg,43.33,NORMAL,40,45
2026-05-22T01:30:00,BATCH-1016,COAT-02,Metformin_500mg,44.34,NORMAL,40,45
2026-05-22T01:35:00,BATCH-1016,COAT-02,Metformin_500mg,44.84,NORMAL,40,45
2026-05-22T01:40:00,BATCH-1016,COAT-02,Metformin_500mg,41.76,NORMAL,40,45
2026-05-22T01:45:00,BATCH-1016,COAT-02,Metformin_500mg,41.06,NORMAL,40,45
2026-05-22T01:50:00,BATCH-1016,COAT-02,Metformin_500mg,41.12,NORMAL,40,45
2026-05-22T01:55:00,BATCH-1016,COAT-02,Metformin_500mg,44.23,NORMAL,40,45
2026-05-22T00:00:00,BATCH-1017,COAT-01,Amlodipine_5mg,43.81,NORMAL,40,45
2026-05-22T00:05:00,BATCH-1017,COAT-01,Amlodipine_5mg,44.04,NORMAL,40,45
2026-05-22T00:10:00,BATCH-1017,COAT-01,Amlodipine_5mg,44.87,NORMAL,40,45
2026-05-22T00:15:00,BATCH-1017,COAT-01,Amlodipine_5mg,43.07,NORMAL,40,45
2026-05-22T00:20:00,BATCH-1017,COAT-01,Amlodipine_5mg,40.13,NORMAL,40,45
2026-05-22T00:25:00,BATCH-1017,COAT-01,Amlodipine_5mg,44.15,NORMAL,40,45
2026-05-22T00:30:00,BATCH-1017,COAT-01,Amlodipine_5mg,40.9,NORMAL,40,45
2026-05-22T00:35:00,BATCH-1017,COAT-01,Amlodipine_5mg,41.54,NORMAL,40,45
2026-05-22T00:40:00,BATCH-1017,COAT-01,Amlodipine_5mg,40.03,NORMAL,40,45
2026-05-22T00:45:00,BATCH-1017,COAT-01,Amlodipine_5mg,42.83,NORMAL,40,45
2026-05-22T00:50:00,BATCH-1017,COAT-01,Amlodipine_5mg,40.71,NORMAL,40,45
2026-05-22T00:55:00,BATCH-1017,COAT-01,Amlodipine_5mg,40.15,NORMAL,40,45
2026-05-22T01:00:00,BATCH-1017,COAT-01,Amlodipine_5mg,41.08,NORMAL,40,45
2026-05-22T01:05:00,BATCH-1017,COAT-01,Amlodipine_5mg,41.7,NORMAL,40,45
2026-05-22T01:10:00,BATCH-1017,COAT-01,Amlodipine_5mg,43.61,NORMAL,40,45
2026-05-22T01:15:00,BATCH-1017,COAT-01,Amlodipine_5mg,42.84,NORMAL,40,45
2026-05-22T01:20:00,BATCH-1017,COAT-01,Amlodipine_5mg,40.26,NORMAL,40,45
2026-05-22T01:25:00,BATCH-1017,COAT-01,Amlodipine_5mg,43.09,NORMAL,40,45
2026-05-22T01:30:00,BATCH-1017,COAT-01,Amlodipine_5mg,41.36,NORMAL,40,45
2026-05-22T01:35:00,BATCH-1017,COAT-01,Amlodipine_5mg,42.43,NORMAL,40,45
2026-05-22T01:40:00,BATCH-1017,COAT-01,Amlodipine_5mg,41.37,NORMAL,40,45
2026-05-22T01:45:00,BATCH-1017,COAT-01,Amlodipine_5mg,40.57,NORMAL,40,45
2026-05-22T01:50:00,BATCH-1017,COAT-01,Amlodipine_5mg,41.42,NORMAL,40,45
2026-05-22T01:55:00,BATCH-1017,COAT-01,Amlodipine_5mg,42.43,NORMAL,40,45
2026-05-22T02:00:00,BATCH-1017,COAT-01,Amlodipine_5mg,40.23,NORMAL,40,45
2026-05-22T02:05:00,BATCH-1017,COAT-01,Amlodipine_5mg,43.0,NORMAL,40,45
2026-05-22T02:10:00,BATCH-1017,COAT-01,Amlodipine_5mg,47.21,DEVIATION,40,45
2026-05-22T02:15:00,BATCH-1017,COAT-01,Amlodipine_5mg,40.69,NORMAL,40,45
2026-05-22T02:20:00,BATCH-1017,COAT-01,Amlodipine_5mg,41.64,NORMAL,40,45
2026-05-22T02:25:00,BATCH-1017,COAT-01,Amlodipine_5mg,48.99,DEVIATION,40,45
2026-05-22T02:30:00,BATCH-1017,COAT-01,Amlodipine_5mg,41.9,NORMAL,40,45
2026-05-22T02:35:00,BATCH-1017,COAT-01,Amlodipine_5mg,42.5,NORMAL,40,45
2026-05-22T02:40:00,BATCH-1017,COAT-01,Amlodipine_5mg,44.03,NORMAL,40,45
2026-05-22T02:45:00,BATCH-1017,COAT-01,Amlodipine_5mg,44.31,NORMAL,40,45
2026-05-22T02:50:00,BATCH-1017,COAT-01,Amlodipine_5mg,40.09,NORMAL,40,45
2026-05-22T02:55:00,BATCH-1017,COAT-01,Amlodipine_5mg,44.31,NORMAL,40,45
2026-05-23T01:00:00,BATCH-1018,COAT-02,Atorvastatin_10mg,41.44,NORMAL,38,44
2026-05-23T01:05:00,BATCH-1018,COAT-02,Atorvastatin_10mg,40.51,NORMAL,38,44
2026-05-23T01:10:00,BATCH-1018,COAT-02,Atorvastatin_10mg,38.13,NORMAL,38,44
2026-05-23T01:15:00,BATCH-1018,COAT-02,Atorvastatin_10mg,42.81,NORMAL,38,44
2026-05-23T01:20:00,BATCH-1018,COAT-02,Atorvastatin_10mg,42.99,NORMAL,38,44
2026-05-23T01:25:00,BATCH-1018,COAT-02,Atorvastatin_10mg,38.53,NORMAL,38,44
2026-05-23T01:30:00,BATCH-1018,COAT-02,Atorvastatin_10mg,39.46,NORMAL,38,44
2026-05-23T01:35:00,BATCH-1018,COAT-02,Atorvastatin_10mg,41.14,NORMAL,38,44
2026-05-23T01:40:00,BATCH-1018,COAT-02,Atorvastatin_10mg,39.86,NORMAL,38,44
2026-05-23T01:45:00,BATCH-1018,COAT-02,Atorvastatin_10mg,40.0,NORMAL,38,44
2026-05-23T01:50:00,BATCH-1018,COAT-02,Atorvastatin_10mg,41.06,NORMAL,38,44
2026-05-23T01:55:00,BATCH-1018,COAT-02,Atorvastatin_10mg,41.06,NORMAL,38,44
2026-05-23T02:00:00,BATCH-1018,COAT-02,Atorvastatin_10mg,40.1,NORMAL,38,44
2026-05-23T02:05:00,BATCH-1018,COAT-02,Atorvastatin_10mg,42.91,NORMAL,38,44
2026-05-23T02:10:00,BATCH-1018,COAT-02,Atorvastatin_10mg,39.42,NORMAL,38,44
2026-05-23T02:15:00,BATCH-1018,COAT-02,Atorvastatin_10mg,39.18,NORMAL,38,44
2026-05-23T02:20:00,BATCH-1018,COAT-02,Atorvastatin_10mg,42.56,NORMAL,38,44
2026-05-23T02:25:00,BATCH-1018,COAT-02,Atorvastatin_10mg,39.06,NORMAL,38,44
2026-05-23T02:30:00,BATCH-1018,COAT-02,Atorvastatin_10mg,40.96,NORMAL,38,44
2026-05-23T02:35:00,BATCH-1018,COAT-02,Atorvastatin_10mg,42.56,NORMAL,38,44
2026-05-23T02:40:00,BATCH-1018,COAT-02,Atorvastatin_10mg,43.54,NORMAL,38,44
2026-05-23T02:45:00,BATCH-1018,COAT-02,Atorvastatin_10mg,41.81,NORMAL,38,44
2026-05-23T02:50:00,BATCH-1018,COAT-02,Atorvastatin_10mg,43.19,NORMAL,38,44
2026-05-23T02:55:00,BATCH-1018,COAT-02,Atorvastatin_10mg,38.91,NORMAL,38,44
2026-05-23T03:00:00,BATCH-1018,COAT-02,Atorvastatin_10mg,40.65,NORMAL,38,44
2026-05-23T03:05:00,BATCH-1018,COAT-02,Atorvastatin_10mg,39.65,NORMAL,38,44
2026-05-23T03:10:00,BATCH-1018,COAT-02,Atorvastatin_10mg,41.04,NORMAL,38,44
2026-05-23T03:15:00,BATCH-1018,COAT-02,Atorvastatin_10mg,40.71,NORMAL,38,44
2026-05-23T03:20:00,BATCH-1018,COAT-02,Atorvastatin_10mg,42.99,NORMAL,38,44
2026-05-23T03:25:00,BATCH-1018,COAT-02,Atorvastatin_10mg,43.19,NORMAL,38,44
2026-05-23T03:30:00,BATCH-1018,COAT-02,Atorvastatin_10mg,41.69,NORMAL,38,44
2026-05-23T03:35:00,BATCH-1018,COAT-02,Atorvastatin_10mg,40.78,NORMAL,38,44
2026-05-23T03:40:00,BATCH-1018,COAT-02,Atorvastatin_10mg,42.75,NORMAL,38,44
2026-05-23T03:45:00,BATCH-1018,COAT-02,Atorvastatin_10mg,40.7,NORMAL,38,44
2026-05-23T03:50:00,BATCH-1018,COAT-02,Atorvastatin_10mg,41.91,NORMAL,38,44
2026-05-23T03:55:00,BATCH-1018,COAT-02,Atorvastatin_10mg,40.85,NORMAL,38,44
2026-05-22T20:00:00,BATCH-1019,COAT-01,Paracetamol_500mg,40.37,NORMAL,40,46
2026-05-22T20:05:00,BATCH-1019,COAT-01,Paracetamol_500mg,45.39,NORMAL,40,46
2026-05-22T20:10:00,BATCH-1019,COAT-01,Paracetamol_500mg,44.29,NORMAL,40,46
2026-05-22T20:15:00,BATCH-1019,COAT-01,Paracetamol_500mg,41.04,NORMAL,40,46
2026-05-22T20:20:00,BATCH-1019,COAT-01,Paracetamol_500mg,42.63,NORMAL,40,46
2026-05-22T20:25:00,BATCH-1019,COAT-01,Paracetamol_500mg,43.14,NORMAL,40,46
2026-05-22T20:30:00,BATCH-1019,COAT-01,Paracetamol_500mg,42.24,NORMAL,40,46
2026-05-22T20:35:00,BATCH-1019,COAT-01,Paracetamol_500mg,42.45,NORMAL,40,46
2026-05-22T20:40:00,BATCH-1019,COAT-01,Paracetamol_500mg,43.59,NORMAL,40,46
2026-05-22T20:45:00,BATCH-1019,COAT-01,Paracetamol_500mg,43.88,NORMAL,40,46
2026-05-22T20:50:00,BATCH-1019,COAT-01,Paracetamol_500mg,40.57,NORMAL,40,46
2026-05-22T20:55:00,BATCH-1019,COAT-01,Paracetamol_500mg,41.7,NORMAL,40,46
2026-05-22T21:00:00,BATCH-1019,COAT-01,Paracetamol_500mg,43.94,NORMAL,40,46
2026-05-22T21:05:00,BATCH-1019,COAT-01,Paracetamol_500mg,45.24,NORMAL,40,46
2026-05-22T21:10:00,BATCH-1019,COAT-01,Paracetamol_500mg,43.5,NORMAL,40,46
2026-05-22T21:15:00,BATCH-1019,COAT-01,Paracetamol_500mg,42.1,NORMAL,40,46
2026-05-22T21:20:00,BATCH-1019,COAT-01,Paracetamol_500mg,44.19,NORMAL,40,46
2026-05-22T21:25:00,BATCH-1019,COAT-01,Paracetamol_500mg,43.57,NORMAL,40,46
2026-05-22T21:30:00,BATCH-1019,COAT-01,Paracetamol_500mg,41.86,NORMAL,40,46
2026-05-22T21:35:00,BATCH-1019,COAT-01,Paracetamol_500mg,44.75,NORMAL,40,46
2026-05-22T21:40:00,BATCH-1019,COAT-01,Paracetamol_500mg,44.02,NORMAL,40,46
2026-05-22T21:45:00,BATCH-1019,COAT-01,Paracetamol_500mg,44.43,NORMAL,40,46
2026-05-22T21:50:00,BATCH-1019,COAT-01,Paracetamol_500mg,43.16,NORMAL,40,46
2026-05-22T21:55:00,BATCH-1019,COAT-01,Paracetamol_500mg,42.54,NORMAL,40,46
2026-05-22T22:00:00,BATCH-1019,COAT-01,Paracetamol_500mg,42.18,NORMAL,40,46
2026-05-22T22:05:00,BATCH-1019,COAT-01,Paracetamol_500mg,41.29,NORMAL,40,46
2026-05-22T22:10:00,BATCH-1019,COAT-01,Paracetamol_500mg,42.92,NORMAL,40,46
2026-05-22T22:15:00,BATCH-1019,COAT-01,Paracetamol_500mg,40.83,NORMAL,40,46
2026-05-22T22:20:00,BATCH-1019,COAT-01,Paracetamol_500mg,45.07,NORMAL,40,46
2026-05-22T22:25:00,BATCH-1019,COAT-01,Paracetamol_500mg,44.63,NORMAL,40,46
2026-05-22T22:30:00,BATCH-1019,COAT-01,Paracetamol_500mg,45.3,NORMAL,40,46
2026-05-22T22:35:00,BATCH-1019,COAT-01,Paracetamol_500mg,48.35,DEVIATION,40,46
2026-05-22T22:40:00,BATCH-1019,COAT-01,Paracetamol_500mg,40.79,NORMAL,40,46
2026-05-22T22:45:00,BATCH-1019,COAT-01,Paracetamol_500mg,40.97,NORMAL,40,46
2026-05-22T22:50:00,BATCH-1019,COAT-01,Paracetamol_500mg,44.63,NORMAL,40,46
2026-05-22T22:55:00,BATCH-1019,COAT-01,Paracetamol_500mg,40.99,NORMAL,40,46
2026-05-23T21:00:00,BATCH-1020,COAT-02,Azithromycin_250mg,37.88,NORMAL,35,42
2026-05-23T21:05:00,BATCH-1020,COAT-02,Azithromycin_250mg,36.66,NORMAL,35,42
2026-05-23T21:10:00,BATCH-1020,COAT-02,Azithromycin_250mg,36.99,NORMAL,35,42
2026-05-23T21:15:00,BATCH-1020,COAT-02,Azithromycin_250mg,38.14,NORMAL,35,42
2026-05-23T21:20:00,BATCH-1020,COAT-02,Azithromycin_250mg,37.17,NORMAL,35,42
2026-05-23T21:25:00,BATCH-1020,COAT-02,Azithromycin_250mg,38.28,NORMAL,35,42
2026-05-23T21:30:00,BATCH-1020,COAT-02,Azithromycin_250mg,37.57,NORMAL,35,42
2026-05-23T21:35:00,BATCH-1020,COAT-02,Azithromycin_250mg,41.89,NORMAL,35,42
2026-05-23T21:40:00,BATCH-1020,COAT-02,Azithromycin_250mg,36.97,NORMAL,35,42
2026-05-23T21:45:00,BATCH-1020,COAT-02,Azithromycin_250mg,38.69,NORMAL,35,42
2026-05-23T21:50:00,BATCH-1020,COAT-02,Azithromycin_250mg,40.72,NORMAL,35,42
2026-05-23T21:55:00,BATCH-1020,COAT-02,Azithromycin_250mg,35.97,NORMAL,35,42
2026-05-23T22:00:00,BATCH-1020,COAT-02,Azithromycin_250mg,39.49,NORMAL,35,42
2026-05-23T22:05:00,BATCH-1020,COAT-02,Azithromycin_250mg,38.88,NORMAL,35,42
2026-05-23T22:10:00,BATCH-1020,COAT-02,Azithromycin_250mg,40.92,NORMAL,35,42
2026-05-23T22:15:00,BATCH-1020,COAT-02,Azithromycin_250mg,37.0,NORMAL,35,42
2026-05-23T22:20:00,BATCH-1020,COAT-02,Azithromycin_250mg,36.91,NORMAL,35,42
2026-05-23T22:25:00,BATCH-1020,COAT-02,Azithromycin_250mg,36.03,NORMAL,35,42
2026-05-23T22:30:00,BATCH-1020,COAT-02,Azithromycin_250mg,41.62,NORMAL,35,42
2026-05-23T22:35:00,BATCH-1020,COAT-02,Azithromycin_250mg,38.16,NORMAL,35,42
2026-05-23T22:40:00,BATCH-1020,COAT-02,Azithromycin_250mg,35.19,NORMAL,35,42
2026-05-23T22:45:00,BATCH-1020,COAT-02,Azithromycin_250mg,38.51,NORMAL,35,42
2026-05-23T22:50:00,BATCH-1020,COAT-02,Azithromycin_250mg,41.96,NORMAL,35,42
2026-05-23T22:55:00,BATCH-1020,COAT-02,Azithromycin_250mg,35.2,NORMAL,35,42
2026-05-23T23:00:00,BATCH-1020,COAT-02,Azithromycin_250mg,40.87,NORMAL,35,42
2026-05-23T23:05:00,BATCH-1020,COAT-02,Azithromycin_250mg,40.54,NORMAL,35,42
2026-05-23T23:10:00,BATCH-1020,COAT-02,Azithromycin_250mg,37.01,NORMAL,35,42
2026-05-23T23:15:00,BATCH-1020,COAT-02,Azithromycin_250mg,39.87,NORMAL,35,42
2026-05-23T23:20:00,BATCH-1020,COAT-02,Azithromycin_250mg,39.94,NORMAL,35,42
2026-05-23T23:25:00,BATCH-1020,COAT-02,Azithromycin_250mg,35.04,NORMAL,35,42
2026-05-23T23:30:00,BATCH-1020,COAT-02,Azithromycin_250mg,36.79,NORMAL,35,42
2026-05-23T23:35:00,BATCH-1020,COAT-02,Azithromycin_250mg,38.84,NORMAL,35,42
2026-05-23T23:40:00,BATCH-1020,COAT-02,Azithromycin_250mg,38.69,NORMAL,35,42
2026-05-23T23:45:00,BATCH-1020,COAT-02,Azithromycin_250mg,37.02,NORMAL,35,42
2026-05-23T23:50:00,BATCH-1020,COAT-02,Azithromycin_250mg,35.33,NORMAL,35,42
2026-05-23T23:55:00,BATCH-1020,COAT-02,Azithromycin_250mg,40.56,NORMAL,35,42
2026-05-24T22:00:00,BATCH-1021,COAT-01,Metformin_500mg,40.55,NORMAL,40,45
2026-05-24T22:05:00,BATCH-1021,COAT-01,Metformin_500mg,42.98,NORMAL,40,45
2026-05-24T22:10:00,BATCH-1021,COAT-01,Metformin_500mg,48.06,DEVIATION,40,45
2026-05-24T22:15:00,BATCH-1021,COAT-01,Metformin_500mg,40.72,NORMAL,40,45
2026-05-24T22:20:00,BATCH-1021,COAT-01,Metformin_500mg,43.07,NORMAL,40,45
2026-05-24T22:25:00,BATCH-1021,COAT-01,Metformin_500mg,42.08,NORMAL,40,45
2026-05-24T22:30:00,BATCH-1021,COAT-01,Metformin_500mg,40.43,NORMAL,40,45
2026-05-24T22:35:00,BATCH-1021,COAT-01,Metformin_500mg,40.34,NORMAL,40,45
2026-05-24T22:40:00,BATCH-1021,COAT-01,Metformin_500mg,42.54,NORMAL,40,45
2026-05-24T22:45:00,BATCH-1021,COAT-01,Metformin_500mg,42.77,NORMAL,40,45
2026-05-24T22:50:00,BATCH-1021,COAT-01,Metformin_500mg,42.35,NORMAL,40,45
2026-05-24T22:55:00,BATCH-1021,COAT-01,Metformin_500mg,44.91,NORMAL,40,45
2026-05-24T23:00:00,BATCH-1021,COAT-01,Metformin_500mg,40.08,NORMAL,40,45
2026-05-24T23:05:00,BATCH-1021,COAT-01,Metformin_500mg,41.72,NORMAL,40,45
2026-05-24T23:10:00,BATCH-1021,COAT-01,Metformin_500mg,43.14,NORMAL,40,45
2026-05-24T23:15:00,BATCH-1021,COAT-01,Metformin_500mg,43.68,NORMAL,40,45
2026-05-24T23:20:00,BATCH-1021,COAT-01,Metformin_500mg,40.22,NORMAL,40,45
2026-05-24T23:25:00,BATCH-1021,COAT-01,Metformin_500mg,44.07,NORMAL,40,45
2026-05-24T23:30:00,BATCH-1021,COAT-01,Metformin_500mg,43.9,NORMAL,40,45
2026-05-24T23:35:00,BATCH-1021,COAT-01,Metformin_500mg,43.48,NORMAL,40,45
2026-05-24T23:40:00,BATCH-1021,COAT-01,Metformin_500mg,44.06,NORMAL,40,45
2026-05-24T23:45:00,BATCH-1021,COAT-01,Metformin_500mg,43.88,NORMAL,40,45
2026-05-24T23:50:00,BATCH-1021,COAT-01,Metformin_500mg,41.47,NORMAL,40,45
2026-05-24T23:55:00,BATCH-1021,COAT-01,Metformin_500mg,41.0,NORMAL,40,45
2026-05-25T00:00:00,BATCH-1021,COAT-01,Metformin_500mg,44.67,NORMAL,40,45
2026-05-25T00:05:00,BATCH-1021,COAT-01,Metformin_500mg,44.95,NORMAL,40,45
2026-05-25T00:10:00,BATCH-1021,COAT-01,Metformin_500mg,41.27,NORMAL,40,45
2026-05-25T00:15:00,BATCH-1021,COAT-01,Metformin_500mg,40.96,NORMAL,40,45
2026-05-25T00:20:00,BATCH-1021,COAT-01,Metformin_500mg,43.9,NORMAL,40,45
2026-05-25T00:25:00,BATCH-1021,COAT-01,Metformin_500mg,41.66,NORMAL,40,45
2026-05-25T00:30:00,BATCH-1021,COAT-01,Metformin_500mg,41.84,NORMAL,40,45
2026-05-25T00:35:00,BATCH-1021,COAT-01,Metformin_500mg,43.72,NORMAL,40,45
2026-05-25T00:40:00,BATCH-1021,COAT-01,Metformin_500mg,41.93,NORMAL,40,45
2026-05-25T00:45:00,BATCH-1021,COAT-01,Metformin_500mg,42.48,NORMAL,40,45
2026-05-25T00:50:00,BATCH-1021,COAT-01,Metformin_500mg,44.62,NORMAL,40,45
2026-05-25T00:55:00,BATCH-1021,COAT-01,Metformin_500mg,44.01,NORMAL,40,45
2026-05-24T23:00:00,BATCH-1022,COAT-02,Amlodipine_5mg,40.39,NORMAL,40,45
2026-05-24T23:05:00,BATCH-1022,COAT-02,Amlodipine_5mg,44.11,NORMAL,40,45
2026-05-24T23:10:00,BATCH-1022,COAT-02,Amlodipine_5mg,41.61,NORMAL,40,45
2026-05-24T23:15:00,BATCH-1022,COAT-02,Amlodipine_5mg,43.3,NORMAL,40,45
2026-05-24T23:20:00,BATCH-1022,COAT-02,Amlodipine_5mg,43.01,NORMAL,40,45
2026-05-24T23:25:00,BATCH-1022,COAT-02,Amlodipine_5mg,43.45,NORMAL,40,45
2026-05-24T23:30:00,BATCH-1022,COAT-02,Amlodipine_5mg,40.21,NORMAL,40,45
2026-05-24T23:35:00,BATCH-1022,COAT-02,Amlodipine_5mg,41.76,NORMAL,40,45
2026-05-24T23:40:00,BATCH-1022,COAT-02,Amlodipine_5mg,41.37,NORMAL,40,45
2026-05-24T23:45:00,BATCH-1022,COAT-02,Amlodipine_5mg,44.74,NORMAL,40,45
2026-05-24T23:50:00,BATCH-1022,COAT-02,Amlodipine_5mg,43.19,NORMAL,40,45
2026-05-24T23:55:00,BATCH-1022,COAT-02,Amlodipine_5mg,44.01,NORMAL,40,45
2026-05-25T00:00:00,BATCH-1022,COAT-02,Amlodipine_5mg,44.76,NORMAL,40,45
2026-05-25T00:05:00,BATCH-1022,COAT-02,Amlodipine_5mg,43.04,NORMAL,40,45
2026-05-25T00:10:00,BATCH-1022,COAT-02,Amlodipine_5mg,40.17,NORMAL,40,45
2026-05-25T00:15:00,BATCH-1022,COAT-02,Amlodipine_5mg,43.89,NORMAL,40,45
2026-05-25T00:20:00,BATCH-1022,COAT-02,Amlodipine_5mg,41.91,NORMAL,40,45
2026-05-25T00:25:00,BATCH-1022,COAT-02,Amlodipine_5mg,43.03,NORMAL,40,45
2026-05-25T00:30:00,BATCH-1022,COAT-02,Amlodipine_5mg,44.74,NORMAL,40,45
2026-05-25T00:35:00,BATCH-1022,COAT-02,Amlodipine_5mg,43.82,NORMAL,40,45
2026-05-25T00:40:00,BATCH-1022,COAT-02,Amlodipine_5mg,42.65,NORMAL,40,45
2026-05-25T00:45:00,BATCH-1022,COAT-02,Amlodipine_5mg,43.25,NORMAL,40,45
2026-05-25T00:50:00,BATCH-1022,COAT-02,Amlodipine_5mg,40.57,NORMAL,40,45
2026-05-25T00:55:00,BATCH-1022,COAT-02,Amlodipine_5mg,42.5,NORMAL,40,45
2026-05-25T01:00:00,BATCH-1022,COAT-02,Amlodipine_5mg,42.81,NORMAL,40,45
2026-05-25T01:05:00,BATCH-1022,COAT-02,Amlodipine_5mg,41.3,NORMAL,40,45
2026-05-25T01:10:00,BATCH-1022,COAT-02,Amlodipine_5mg,44.98,NORMAL,40,45
2026-05-25T01:15:00,BATCH-1022,COAT-02,Amlodipine_5mg,44.58,NORMAL,40,45
2026-05-25T01:20:00,BATCH-1022,COAT-02,Amlodipine_5mg,40.61,NORMAL,40,45
2026-05-25T01:25:00,BATCH-1022,COAT-02,Amlodipine_5mg,42.26,NORMAL,40,45
2026-05-25T01:30:00,BATCH-1022,COAT-02,Amlodipine_5mg,42.23,NORMAL,40,45
2026-05-25T01:35:00,BATCH-1022,COAT-02,Amlodipine_5mg,43.41,NORMAL,40,45
2026-05-25T01:40:00,BATCH-1022,COAT-02,Amlodipine_5mg,41.6,NORMAL,40,45
2026-05-25T01:45:00,BATCH-1022,COAT-02,Amlodipine_5mg,40.32,NORMAL,40,45
2026-05-25T01:50:00,BATCH-1022,COAT-02,Amlodipine_5mg,44.46,NORMAL,40,45
2026-05-25T01:55:00,BATCH-1022,COAT-02,Amlodipine_5mg,43.56,NORMAL,40,45
2026-05-26T00:00:00,BATCH-1023,COAT-01,Atorvastatin_10mg,41.83,NORMAL,38,44
2026-05-26T00:05:00,BATCH-1023,COAT-01,Atorvastatin_10mg,41.05,NORMAL,38,44
2026-05-26T00:10:00,BATCH-1023,COAT-01,Atorvastatin_10mg,39.21,NORMAL,38,44
2026-05-26T00:15:00,BATCH-1023,COAT-01,Atorvastatin_10mg,42.74,NORMAL,38,44
2026-05-26T00:20:00,BATCH-1023,COAT-01,Atorvastatin_10mg,47.22,DEVIATION,38,44
2026-05-26T00:25:00,BATCH-1023,COAT-01,Atorvastatin_10mg,42.82,NORMAL,38,44
2026-05-26T00:30:00,BATCH-1023,COAT-01,Atorvastatin_10mg,41.67,NORMAL,38,44
2026-05-26T00:35:00,BATCH-1023,COAT-01,Atorvastatin_10mg,39.86,NORMAL,38,44
2026-05-26T00:40:00,BATCH-1023,COAT-01,Atorvastatin_10mg,42.31,NORMAL,38,44
2026-05-26T00:45:00,BATCH-1023,COAT-01,Atorvastatin_10mg,42.61,NORMAL,38,44
2026-05-26T00:50:00,BATCH-1023,COAT-01,Atorvastatin_10mg,38.44,NORMAL,38,44
2026-05-26T00:55:00,BATCH-1023,COAT-01,Atorvastatin_10mg,41.85,NORMAL,38,44
2026-05-26T01:00:00,BATCH-1023,COAT-01,Atorvastatin_10mg,42.08,NORMAL,38,44
2026-05-26T01:05:00,BATCH-1023,COAT-01,Atorvastatin_10mg,43.27,NORMAL,38,44
2026-05-26T01:10:00,BATCH-1023,COAT-01,Atorvastatin_10mg,41.84,NORMAL,38,44
2026-05-26T01:15:00,BATCH-1023,COAT-01,Atorvastatin_10mg,43.8,NORMAL,38,44
2026-05-26T01:20:00,BATCH-1023,COAT-01,Atorvastatin_10mg,43.46,NORMAL,38,44
2026-05-26T01:25:00,BATCH-1023,COAT-01,Atorvastatin_10mg,38.74,NORMAL,38,44
2026-05-26T01:30:00,BATCH-1023,COAT-01,Atorvastatin_10mg,38.99,NORMAL,38,44
2026-05-26T01:35:00,BATCH-1023,COAT-01,Atorvastatin_10mg,42.26,NORMAL,38,44
2026-05-26T01:40:00,BATCH-1023,COAT-01,Atorvastatin_10mg,43.65,NORMAL,38,44
2026-05-26T01:45:00,BATCH-1023,COAT-01,Atorvastatin_10mg,43.08,NORMAL,38,44
2026-05-26T01:50:00,BATCH-1023,COAT-01,Atorvastatin_10mg,41.81,NORMAL,38,44
2026-05-26T01:55:00,BATCH-1023,COAT-01,Atorvastatin_10mg,38.75,NORMAL,38,44
2026-05-26T02:00:00,BATCH-1023,COAT-01,Atorvastatin_10mg,41.2,NORMAL,38,44
2026-05-26T02:05:00,BATCH-1023,COAT-01,Atorvastatin_10mg,39.01,NORMAL,38,44
2026-05-26T02:10:00,BATCH-1023,COAT-01,Atorvastatin_10mg,38.93,NORMAL,38,44
2026-05-26T02:15:00,BATCH-1023,COAT-01,Atorvastatin_10mg,42.32,NORMAL,38,44
2026-05-26T02:20:00,BATCH-1023,COAT-01,Atorvastatin_10mg,43.06,NORMAL,38,44
2026-05-26T02:25:00,BATCH-1023,COAT-01,Atorvastatin_10mg,42.95,NORMAL,38,44
2026-05-26T02:30:00,BATCH-1023,COAT-01,Atorvastatin_10mg,45.18,DEVIATION,38,44
2026-05-26T02:35:00,BATCH-1023,COAT-01,Atorvastatin_10mg,41.46,NORMAL,38,44
2026-05-26T02:40:00,BATCH-1023,COAT-01,Atorvastatin_10mg,42.6,NORMAL,38,44
2026-05-26T02:45:00,BATCH-1023,COAT-01,Atorvastatin_10mg,41.83,NORMAL,38,44
2026-05-26T02:50:00,BATCH-1023,COAT-01,Atorvastatin_10mg,41.76,NORMAL,38,44
2026-05-26T02:55:00,BATCH-1023,COAT-01,Atorvastatin_10mg,43.74,NORMAL,38,44
2026-05-26T01:00:00,BATCH-1024,COAT-02,Paracetamol_500mg,44.83,NORMAL,40,46
2026-05-26T01:05:00,BATCH-1024,COAT-02,Paracetamol_500mg,41.78,NORMAL,40,46
2026-05-26T01:10:00,BATCH-1024,COAT-02,Paracetamol_500mg,40.36,NORMAL,40,46
2026-05-26T01:15:00,BATCH-1024,COAT-02,Paracetamol_500mg,42.91,NORMAL,40,46
2026-05-26T01:20:00,BATCH-1024,COAT-02,Paracetamol_500mg,43.64,NORMAL,40,46
2026-05-26T01:25:00,BATCH-1024,COAT-02,Paracetamol_500mg,44.31,NORMAL,40,46
2026-05-26T01:30:00,BATCH-1024,COAT-02,Paracetamol_500mg,45.16,NORMAL,40,46
2026-05-26T01:35:00,BATCH-1024,COAT-02,Paracetamol_500mg,40.78,NORMAL,40,46
2026-05-26T01:40:00,BATCH-1024,COAT-02,Paracetamol_500mg,43.37,NORMAL,40,46
2026-05-26T01:45:00,BATCH-1024,COAT-02,Paracetamol_500mg,42.8,NORMAL,40,46
2026-05-26T01:50:00,BATCH-1024,COAT-02,Paracetamol_500mg,41.49,NORMAL,40,46
2026-05-26T01:55:00,BATCH-1024,COAT-02,Paracetamol_500mg,41.74,NORMAL,40,46
2026-05-26T02:00:00,BATCH-1024,COAT-02,Paracetamol_500mg,43.69,NORMAL,40,46
2026-05-26T02:05:00,BATCH-1024,COAT-02,Paracetamol_500mg,45.19,NORMAL,40,46
2026-05-26T02:10:00,BATCH-1024,COAT-02,Paracetamol_500mg,41.96,NORMAL,40,46
2026-05-26T02:15:00,BATCH-1024,COAT-02,Paracetamol_500mg,41.88,NORMAL,40,46
2026-05-26T02:20:00,BATCH-1024,COAT-02,Paracetamol_500mg,42.99,NORMAL,40,46
2026-05-26T02:25:00,BATCH-1024,COAT-02,Paracetamol_500mg,42.99,NORMAL,40,46
2026-05-26T02:30:00,BATCH-1024,COAT-02,Paracetamol_500mg,40.14,NORMAL,40,46
2026-05-26T02:35:00,BATCH-1024,COAT-02,Paracetamol_500mg,43.03,NORMAL,40,46
2026-05-26T02:40:00,BATCH-1024,COAT-02,Paracetamol_500mg,41.29,NORMAL,40,46
2026-05-26T02:45:00,BATCH-1024,COAT-02,Paracetamol_500mg,40.3,NORMAL,40,46
2026-05-26T02:50:00,BATCH-1024,COAT-02,Paracetamol_500mg,45.29,NORMAL,40,46
2026-05-26T02:55:00,BATCH-1024,COAT-02,Paracetamol_500mg,42.82,NORMAL,40,46
2026-05-26T03:00:00,BATCH-1024,COAT-02,Paracetamol_500mg,45.08,NORMAL,40,46
2026-05-26T03:05:00,BATCH-1024,COAT-02,Paracetamol_500mg,45.29,NORMAL,40,46
2026-05-26T03:10:00,BATCH-1024,COAT-02,Paracetamol_500mg,44.58,NORMAL,40,46
2026-05-26T03:15:00,BATCH-1024,COAT-02,Paracetamol_500mg,42.4,NORMAL,40,46
2026-05-26T03:20:00,BATCH-1024,COAT-02,Paracetamol_500mg,41.17,NORMAL,40,46
2026-05-26T03:25:00,BATCH-1024,COAT-02,Paracetamol_500mg,40.44,NORMAL,40,46
2026-05-26T03:30:00,BATCH-1024,COAT-02,Paracetamol_500mg,44.59,NORMAL,40,46
2026-05-26T03:35:00,BATCH-1024,COAT-02,Paracetamol_500mg,45.93,NORMAL,40,46
2026-05-26T03:40:00,BATCH-1024,COAT-02,Paracetamol_500mg,40.71,NORMAL,40,46
2026-05-26T03:45:00,BATCH-1024,COAT-02,Paracetamol_500mg,42.36,NORMAL,40,46
2026-05-26T03:50:00,BATCH-1024,COAT-02,Paracetamol_500mg,42.03,NORMAL,40,46
2026-05-26T03:55:00,BATCH-1024,COAT-02,Paracetamol_500mg,44.53,NORMAL,40,46
2026-05-26T20:00:00,BATCH-1025,COAT-01,Azithromycin_250mg,38.56,NORMAL,35,42
2026-05-26T20:05:00,BATCH-1025,COAT-01,Azithromycin_250mg,35.32,NORMAL,35,42
2026-05-26T20:10:00,BATCH-1025,COAT-01,Azithromycin_250mg,37.33,NORMAL,35,42
2026-05-26T20:15:00,BATCH-1025,COAT-01,Azithromycin_250mg,38.2,NORMAL,35,42
2026-05-26T20:20:00,BATCH-1025,COAT-01,Azithromycin_250mg,38.61,NORMAL,35,42
2026-05-26T20:25:00,BATCH-1025,COAT-01,Azithromycin_250mg,39.29,NORMAL,35,42
2026-05-26T20:30:00,BATCH-1025,COAT-01,Azithromycin_250mg,41.93,NORMAL,35,42
2026-05-26T20:35:00,BATCH-1025,COAT-01,Azithromycin_250mg,37.09,NORMAL,35,42
2026-05-26T20:40:00,BATCH-1025,COAT-01,Azithromycin_250mg,40.8,NORMAL,35,42
2026-05-26T20:45:00,BATCH-1025,COAT-01,Azithromycin_250mg,39.96,NORMAL,35,42
2026-05-26T20:50:00,BATCH-1025,COAT-01,Azithromycin_250mg,40.71,NORMAL,35,42
2026-05-26T20:55:00,BATCH-1025,COAT-01,Azithromycin_250mg,39.72,NORMAL,35,42
2026-05-26T21:00:00,BATCH-1025,COAT-01,Azithromycin_250mg,39.09,NORMAL,35,42
2026-05-26T21:05:00,BATCH-1025,COAT-01,Azithromycin_250mg,40.08,NORMAL,35,42
2026-05-26T21:10:00,BATCH-1025,COAT-01,Azithromycin_250mg,35.19,NORMAL,35,42
2026-05-26T21:15:00,BATCH-1025,COAT-01,Azithromycin_250mg,41.77,NORMAL,35,42
2026-05-26T21:20:00,BATCH-1025,COAT-01,Azithromycin_250mg,40.43,NORMAL,35,42
2026-05-26T21:25:00,BATCH-1025,COAT-01,Azithromycin_250mg,40.05,NORMAL,35,42
2026-05-26T21:30:00,BATCH-1025,COAT-01,Azithromycin_250mg,36.19,NORMAL,35,42
2026-05-26T21:35:00,BATCH-1025,COAT-01,Azithromycin_250mg,39.34,NORMAL,35,42
2026-05-26T21:40:00,BATCH-1025,COAT-01,Azithromycin_250mg,36.03,NORMAL,35,42
2026-05-26T21:45:00,BATCH-1025,COAT-01,Azithromycin_250mg,35.22,NORMAL,35,42
2026-05-26T21:50:00,BATCH-1025,COAT-01,Azithromycin_250mg,35.77,NORMAL,35,42
2026-05-26T21:55:00,BATCH-1025,COAT-01,Azithromycin_250mg,44.25,DEVIATION,35,42
2026-05-26T22:00:00,BATCH-1025,COAT-01,Azithromycin_250mg,39.83,NORMAL,35,42
2026-05-26T22:05:00,BATCH-1025,COAT-01,Azithromycin_250mg,40.42,NORMAL,35,42
2026-05-26T22:10:00,BATCH-1025,COAT-01,Azithromycin_250mg,41.11,NORMAL,35,42
2026-05-26T22:15:00,BATCH-1025,COAT-01,Azithromycin_250mg,35.44,NORMAL,35,42
2026-05-26T22:20:00,BATCH-1025,COAT-01,Azithromycin_250mg,36.45,NORMAL,35,42
2026-05-26T22:25:00,BATCH-1025,COAT-01,Azithromycin_250mg,39.64,NORMAL,35,42
2026-05-26T22:30:00,BATCH-1025,COAT-01,Azithromycin_250mg,37.2,NORMAL,35,42
2026-05-26T22:35:00,BATCH-1025,COAT-01,Azithromycin_250mg,41.38,NORMAL,35,42
2026-05-26T22:40:00,BATCH-1025,COAT-01,Azithromycin_250mg,37.48,NORMAL,35,42
2026-05-26T22:45:00,BATCH-1025,COAT-01,Azithromycin_250mg,40.05,NORMAL,35,42
2026-05-26T22:50:00,BATCH-1025,COAT-01,Azithromycin_250mg,39.85,NORMAL,35,42
2026-05-26T22:55:00,BATCH-1025,COAT-01,Azithromycin_250mg,36.35,NORMAL,35,42
2026-05-27T21:00:00,BATCH-1026,COAT-02,Metformin_500mg,42.79,NORMAL,40,45
2026-05-27T21:05:00,BATCH-1026,COAT-02,Metformin_500mg,44.86,NORMAL,40,45
2026-05-27T21:10:00,BATCH-1026,COAT-02,Metformin_500mg,41.45,NORMAL,40,45
2026-05-27T21:15:00,BATCH-1026,COAT-02,Metformin_500mg,43.52,NORMAL,40,45
2026-05-27T21:20:00,BATCH-1026,COAT-02,Metformin_500mg,41.74,NORMAL,40,45
2026-05-27T21:25:00,BATCH-1026,COAT-02,Metformin_500mg,43.98,NORMAL,40,45
2026-05-27T21:30:00,BATCH-1026,COAT-02,Metformin_500mg,40.61,NORMAL,40,45
2026-05-27T21:35:00,BATCH-1026,COAT-02,Metformin_500mg,41.9,NORMAL,40,45
2026-05-27T21:40:00,BATCH-1026,COAT-02,Metformin_500mg,44.09,NORMAL,40,45
2026-05-27T21:45:00,BATCH-1026,COAT-02,Metformin_500mg,44.02,NORMAL,40,45
2026-05-27T21:50:00,BATCH-1026,COAT-02,Metformin_500mg,41.44,NORMAL,40,45
2026-05-27T21:55:00,BATCH-1026,COAT-02,Metformin_500mg,41.73,NORMAL,40,45
2026-05-27T22:00:00,BATCH-1026,COAT-02,Metformin_500mg,41.28,NORMAL,40,45
2026-05-27T22:05:00,BATCH-1026,COAT-02,Metformin_500mg,41.01,NORMAL,40,45
2026-05-27T22:10:00,BATCH-1026,COAT-02,Metformin_500mg,44.67,NORMAL,40,45
2026-05-27T22:15:00,BATCH-1026,COAT-02,Metformin_500mg,40.69,NORMAL,40,45
2026-05-27T22:20:00,BATCH-1026,COAT-02,Metformin_500mg,42.93,NORMAL,40,45
2026-05-27T22:25:00,BATCH-1026,COAT-02,Metformin_500mg,43.35,NORMAL,40,45
2026-05-27T22:30:00,BATCH-1026,COAT-02,Metformin_500mg,43.19,NORMAL,40,45
2026-05-27T22:35:00,BATCH-1026,COAT-02,Metformin_500mg,42.07,NORMAL,40,45
2026-05-27T22:40:00,BATCH-1026,COAT-02,Metformin_500mg,40.5,NORMAL,40,45
2026-05-27T22:45:00,BATCH-1026,COAT-02,Metformin_500mg,40.03,NORMAL,40,45
2026-05-27T22:50:00,BATCH-1026,COAT-02,Metformin_500mg,44.65,NORMAL,40,45
2026-05-27T22:55:00,BATCH-1026,COAT-02,Metformin_500mg,44.68,NORMAL,40,45
2026-05-27T23:00:00,BATCH-1026,COAT-02,Metformin_500mg,42.39,NORMAL,40,45
2026-05-27T23:05:00,BATCH-1026,COAT-02,Metformin_500mg,44.82,NORMAL,40,45
2026-05-27T23:10:00,BATCH-1026,COAT-02,Metformin_500mg,43.23,NORMAL,40,45
2026-05-27T23:15:00,BATCH-1026,COAT-02,Metformin_500mg,40.45,NORMAL,40,45
2026-05-27T23:20:00,BATCH-1026,COAT-02,Metformin_500mg,42.68,NORMAL,40,45
2026-05-27T23:25:00,BATCH-1026,COAT-02,Metformin_500mg,44.68,NORMAL,40,45
2026-05-27T23:30:00,BATCH-1026,COAT-02,Metformin_500mg,40.88,NORMAL,40,45
2026-05-27T23:35:00,BATCH-1026,COAT-02,Metformin_500mg,40.88,NORMAL,40,45
2026-05-27T23:40:00,BATCH-1026,COAT-02,Metformin_500mg,44.99,NORMAL,40,45
2026-05-27T23:45:00,BATCH-1026,COAT-02,Metformin_500mg,42.48,NORMAL,40,45
2026-05-27T23:50:00,BATCH-1026,COAT-02,Metformin_500mg,44.81,NORMAL,40,45
2026-05-27T23:55:00,BATCH-1026,COAT-02,Metformin_500mg,44.38,NORMAL,40,45
2026-05-27T22:00:00,BATCH-1027,COAT-01,Amlodipine_5mg,40.05,NORMAL,40,45
2026-05-27T22:05:00,BATCH-1027,COAT-01,Amlodipine_5mg,42.84,NORMAL,40,45
2026-05-27T22:10:00,BATCH-1027,COAT-01,Amlodipine_5mg,40.54,NORMAL,40,45
2026-05-27T22:15:00,BATCH-1027,COAT-01,Amlodipine_5mg,44.91,NORMAL,40,45
2026-05-27T22:20:00,BATCH-1027,COAT-01,Amlodipine_5mg,41.42,NORMAL,40,45
2026-05-27T22:25:00,BATCH-1027,COAT-01,Amlodipine_5mg,44.95,NORMAL,40,45
2026-05-27T22:30:00,BATCH-1027,COAT-01,Amlodipine_5mg,42.72,NORMAL,40,45
2026-05-27T22:35:00,BATCH-1027,COAT-01,Amlodipine_5mg,42.47,NORMAL,40,45
2026-05-27T22:40:00,BATCH-1027,COAT-01,Amlodipine_5mg,44.69,NORMAL,40,45
2026-05-27T22:45:00,BATCH-1027,COAT-01,Amlodipine_5mg,44.26,NORMAL,40,45
2026-05-27T22:50:00,BATCH-1027,COAT-01,Amlodipine_5mg,42.34,NORMAL,40,45
2026-05-27T22:55:00,BATCH-1027,COAT-01,Amlodipine_5mg,40.96,NORMAL,40,45
2026-05-27T23:00:00,BATCH-1027,COAT-01,Amlodipine_5mg,45.34,DEVIATION,40,45
2026-05-27T23:05:00,BATCH-1027,COAT-01,Amlodipine_5mg,45.49,DEVIATION,40,45
2026-05-27T23:10:00,BATCH-1027,COAT-01,Amlodipine_5mg,46.38,DEVIATION,40,45
2026-05-27T23:15:00,BATCH-1027,COAT-01,Amlodipine_5mg,45.77,DEVIATION,40,45
2026-05-27T23:20:00,BATCH-1027,COAT-01,Amlodipine_5mg,45.56,DEVIATION,40,45
2026-05-27T23:25:00,BATCH-1027,COAT-01,Amlodipine_5mg,47.21,DEVIATION,40,45
2026-05-27T23:30:00,BATCH-1027,COAT-01,Amlodipine_5mg,47.37,DEVIATION,40,45
2026-05-27T23:35:00,BATCH-1027,COAT-01,Amlodipine_5mg,46.7,DEVIATION,40,45
2026-05-27T23:40:00,BATCH-1027,COAT-01,Amlodipine_5mg,47.27,DEVIATION,40,45
2026-05-27T23:45:00,BATCH-1027,COAT-01,Amlodipine_5mg,45.53,DEVIATION,40,45
2026-05-27T23:50:00,BATCH-1027,COAT-01,Amlodipine_5mg,47.57,DEVIATION,40,45
2026-05-27T23:55:00,BATCH-1027,COAT-01,Amlodipine_5mg,47.69,DEVIATION,40,45
2026-05-28T00:00:00,BATCH-1027,COAT-01,Amlodipine_5mg,39.48,DEVIATION,40,45
2026-05-28T00:05:00,BATCH-1027,COAT-01,Amlodipine_5mg,38.55,DEVIATION,40,45
2026-05-28T00:10:00,BATCH-1027,COAT-01,Amlodipine_5mg,37.26,DEVIATION,40,45
2026-05-28T00:15:00,BATCH-1027,COAT-01,Amlodipine_5mg,39.01,DEVIATION,40,45
2026-05-28T00:20:00,BATCH-1027,COAT-01,Amlodipine_5mg,37.55,DEVIATION,40,45
2026-05-28T00:25:00,BATCH-1027,COAT-01,Amlodipine_5mg,37.42,DEVIATION,40,45
2026-05-28T00:30:00,BATCH-1027,COAT-01,Amlodipine_5mg,37.97,DEVIATION,40,45
2026-05-28T00:35:00,BATCH-1027,COAT-01,Amlodipine_5mg,37.74,DEVIATION,40,45
2026-05-28T00:40:00,BATCH-1027,COAT-01,Amlodipine_5mg,37.78,DEVIATION,40,45
2026-05-28T00:45:00,BATCH-1027,COAT-01,Amlodipine_5mg,37.71,DEVIATION,40,45
2026-05-28T00:50:00,BATCH-1027,COAT-01,Amlodipine_5mg,39.26,DEVIATION,40,45
2026-05-28T00:55:00,BATCH-1027,COAT-01,Amlodipine_5mg,39.86,DEVIATION,40,45
2026-05-28T23:00:00,BATCH-1028,COAT-02,Atorvastatin_10mg,42.34,NORMAL,38,44
2026-05-28T23:05:00,BATCH-1028,COAT-02,Atorvastatin_10mg,47.61,DEVIATION,38,44
2026-05-28T23:10:00,BATCH-1028,COAT-02,Atorvastatin_10mg,38.37,NORMAL,38,44
2026-05-28T23:15:00,BATCH-1028,COAT-02,Atorvastatin_10mg,39.84,NORMAL,38,44
2026-05-28T23:20:00,BATCH-1028,COAT-02,Atorvastatin_10mg,41.02,NORMAL,38,44
2026-05-28T23:25:00,BATCH-1028,COAT-02,Atorvastatin_10mg,42.22,NORMAL,38,44
2026-05-28T23:30:00,BATCH-1028,COAT-02,Atorvastatin_10mg,38.7,NORMAL,38,44
2026-05-28T23:35:00,BATCH-1028,COAT-02,Atorvastatin_10mg,39.77,NORMAL,38,44
2026-05-28T23:40:00,BATCH-1028,COAT-02,Atorvastatin_10mg,39.31,NORMAL,38,44
2026-05-28T23:45:00,BATCH-1028,COAT-02,Atorvastatin_10mg,38.92,NORMAL,38,44
2026-05-28T23:50:00,BATCH-1028,COAT-02,Atorvastatin_10mg,41.63,NORMAL,38,44
2026-05-28T23:55:00,BATCH-1028,COAT-02,Atorvastatin_10mg,41.3,NORMAL,38,44
2026-05-29T00:00:00,BATCH-1028,COAT-02,Atorvastatin_10mg,41.23,NORMAL,38,44
2026-05-29T00:05:00,BATCH-1028,COAT-02,Atorvastatin_10mg,39.31,NORMAL,38,44
2026-05-29T00:10:00,BATCH-1028,COAT-02,Atorvastatin_10mg,42.53,NORMAL,38,44
2026-05-29T00:15:00,BATCH-1028,COAT-02,Atorvastatin_10mg,38.49,NORMAL,38,44
2026-05-29T00:20:00,BATCH-1028,COAT-02,Atorvastatin_10mg,42.22,NORMAL,38,44
2026-05-29T00:25:00,BATCH-1028,COAT-02,Atorvastatin_10mg,41.39,NORMAL,38,44
2026-05-29T00:30:00,BATCH-1028,COAT-02,Atorvastatin_10mg,41.29,NORMAL,38,44
2026-05-29T00:35:00,BATCH-1028,COAT-02,Atorvastatin_10mg,41.44,NORMAL,38,44
2026-05-29T00:40:00,BATCH-1028,COAT-02,Atorvastatin_10mg,39.97,NORMAL,38,44
2026-05-29T00:45:00,BATCH-1028,COAT-02,Atorvastatin_10mg,38.7,NORMAL,38,44
2026-05-29T00:50:00,BATCH-1028,COAT-02,Atorvastatin_10mg,41.5,NORMAL,38,44
2026-05-29T00:55:00,BATCH-1028,COAT-02,Atorvastatin_10mg,41.06,NORMAL,38,44
2026-05-29T01:00:00,BATCH-1028,COAT-02,Atorvastatin_10mg,40.72,NORMAL,38,44
2026-05-29T01:05:00,BATCH-1028,COAT-02,Atorvastatin_10mg,40.74,NORMAL,38,44
2026-05-29T01:10:00,BATCH-1028,COAT-02,Atorvastatin_10mg,40.77,NORMAL,38,44
2026-05-29T01:15:00,BATCH-1028,COAT-02,Atorvastatin_10mg,42.34,NORMAL,38,44
2026-05-29T01:20:00,BATCH-1028,COAT-02,Atorvastatin_10mg,42.9,NORMAL,38,44
2026-05-29T01:25:00,BATCH-1028,COAT-02,Atorvastatin_10mg,41.47,NORMAL,38,44
2026-05-29T01:30:00,BATCH-1028,COAT-02,Atorvastatin_10mg,40.07,NORMAL,38,44
2026-05-29T01:35:00,BATCH-1028,COAT-02,Atorvastatin_10mg,43.96,NORMAL,38,44
2026-05-29T01:40:00,BATCH-1028,COAT-02,Atorvastatin_10mg,38.41,NORMAL,38,44
2026-05-29T01:45:00,BATCH-1028,COAT-02,Atorvastatin_10mg,38.19,NORMAL,38,44
2026-05-29T01:50:00,BATCH-1028,COAT-02,Atorvastatin_10mg,42.61,NORMAL,38,44
2026-05-29T01:55:00,BATCH-1028,COAT-02,Atorvastatin_10mg,43.87,NORMAL,38,44
2026-05-29T00:00:00,BATCH-1029,COAT-01,Paracetamol_500mg,42.52,NORMAL,40,46
2026-05-29T00:05:00,BATCH-1029,COAT-01,Paracetamol_500mg,42.29,NORMAL,40,46
2026-05-29T00:10:00,BATCH-1029,COAT-01,Paracetamol_500mg,45.44,NORMAL,40,46
2026-05-29T00:15:00,BATCH-1029,COAT-01,Paracetamol_500mg,44.1,NORMAL,40,46
2026-05-29T00:20:00,BATCH-1029,COAT-01,Paracetamol_500mg,43.24,NORMAL,40,46
2026-05-29T00:25:00,BATCH-1029,COAT-01,Paracetamol_500mg,42.09,NORMAL,40,46
2026-05-29T00:30:00,BATCH-1029,COAT-01,Paracetamol_500mg,43.22,NORMAL,40,46
2026-05-29T00:35:00,BATCH-1029,COAT-01,Paracetamol_500mg,44.37,NORMAL,40,46
2026-05-29T00:40:00,BATCH-1029,COAT-01,Paracetamol_500mg,40.02,NORMAL,40,46
2026-05-29T00:45:00,BATCH-1029,COAT-01,Paracetamol_500mg,48.19,DEVIATION,40,46
2026-05-29T00:50:00,BATCH-1029,COAT-01,Paracetamol_500mg,43.27,NORMAL,40,46
2026-05-29T00:55:00,BATCH-1029,COAT-01,Paracetamol_500mg,44.94,NORMAL,40,46
2026-05-29T01:00:00,BATCH-1029,COAT-01,Paracetamol_500mg,42.08,NORMAL,40,46
2026-05-29T01:05:00,BATCH-1029,COAT-01,Paracetamol_500mg,45.62,NORMAL,40,46
2026-05-29T01:10:00,BATCH-1029,COAT-01,Paracetamol_500mg,40.68,NORMAL,40,46
2026-05-29T01:15:00,BATCH-1029,COAT-01,Paracetamol_500mg,42.52,NORMAL,40,46
2026-05-29T01:20:00,BATCH-1029,COAT-01,Paracetamol_500mg,45.3,NORMAL,40,46
2026-05-29T01:25:00,BATCH-1029,COAT-01,Paracetamol_500mg,47.82,DEVIATION,40,46
2026-05-29T01:30:00,BATCH-1029,COAT-01,Paracetamol_500mg,40.2,NORMAL,40,46
2026-05-29T01:35:00,BATCH-1029,COAT-01,Paracetamol_500mg,44.22,NORMAL,40,46
2026-05-29T01:40:00,BATCH-1029,COAT-01,Paracetamol_500mg,44.44,NORMAL,40,46
2026-05-29T01:45:00,BATCH-1029,COAT-01,Paracetamol_500mg,41.41,NORMAL,40,46
2026-05-29T01:50:00,BATCH-1029,COAT-01,Paracetamol_500mg,45.18,NORMAL,40,46
2026-05-29T01:55:00,BATCH-1029,COAT-01,Paracetamol_500mg,43.02,NORMAL,40,46
2026-05-29T02:00:00,BATCH-1029,COAT-01,Paracetamol_500mg,44.89,NORMAL,40,46
2026-05-29T02:05:00,BATCH-1029,COAT-01,Paracetamol_500mg,41.91,NORMAL,40,46
2026-05-29T02:10:00,BATCH-1029,COAT-01,Paracetamol_500mg,44.04,NORMAL,40,46
2026-05-29T02:15:00,BATCH-1029,COAT-01,Paracetamol_500mg,41.81,NORMAL,40,46
2026-05-29T02:20:00,BATCH-1029,COAT-01,Paracetamol_500mg,43.96,NORMAL,40,46
2026-05-29T02:25:00,BATCH-1029,COAT-01,Paracetamol_500mg,41.8,NORMAL,40,46
2026-05-29T02:30:00,BATCH-1029,COAT-01,Paracetamol_500mg,45.69,NORMAL,40,46
2026-05-29T02:35:00,BATCH-1029,COAT-01,Paracetamol_500mg,45.47,NORMAL,40,46
2026-05-29T02:40:00,BATCH-1029,COAT-01,Paracetamol_500mg,42.56,NORMAL,40,46
2026-05-29T02:45:00,BATCH-1029,COAT-01,Paracetamol_500mg,45.83,NORMAL,40,46
2026-05-29T02:50:00,BATCH-1029,COAT-01,Paracetamol_500mg,44.03,NORMAL,40,46
2026-05-29T02:55:00,BATCH-1029,COAT-01,Paracetamol_500mg,41.91,NORMAL,40,46
2026-05-30T01:00:00,BATCH-1030,COAT-02,Azithromycin_250mg,36.04,NORMAL,35,42
2026-05-30T01:05:00,BATCH-1030,COAT-02,Azithromycin_250mg,40.28,NORMAL,35,42
2026-05-30T01:10:00,BATCH-1030,COAT-02,Azithromycin_250mg,40.95,NORMAL,35,42
2026-05-30T01:15:00,BATCH-1030,COAT-02,Azithromycin_250mg,39.95,NORMAL,35,42
2026-05-30T01:20:00,BATCH-1030,COAT-02,Azithromycin_250mg,41.4,NORMAL,35,42
2026-05-30T01:25:00,BATCH-1030,COAT-02,Azithromycin_250mg,41.77,NORMAL,35,42
2026-05-30T01:30:00,BATCH-1030,COAT-02,Azithromycin_250mg,35.94,NORMAL,35,42
2026-05-30T01:35:00,BATCH-1030,COAT-02,Azithromycin_250mg,36.42,NORMAL,35,42
2026-05-30T01:40:00,BATCH-1030,COAT-02,Azithromycin_250mg,41.46,NORMAL,35,42
2026-05-30T01:45:00,BATCH-1030,COAT-02,Azithromycin_250mg,35.65,NORMAL,35,42
2026-05-30T01:50:00,BATCH-1030,COAT-02,Azithromycin_250mg,36.33,NORMAL,35,42
2026-05-30T01:55:00,BATCH-1030,COAT-02,Azithromycin_250mg,39.72,NORMAL,35,42
2026-05-30T02:00:00,BATCH-1030,COAT-02,Azithromycin_250mg,41.12,NORMAL,35,42
2026-05-30T02:05:00,BATCH-1030,COAT-02,Azithromycin_250mg,40.33,NORMAL,35,42
2026-05-30T02:10:00,BATCH-1030,COAT-02,Azithromycin_250mg,38.91,NORMAL,35,42
2026-05-30T02:15:00,BATCH-1030,COAT-02,Azithromycin_250mg,41.09,NORMAL,35,42
2026-05-30T02:20:00,BATCH-1030,COAT-02,Azithromycin_250mg,41.7,NORMAL,35,42
2026-05-30T02:25:00,BATCH-1030,COAT-02,Azithromycin_250mg,46.75,DEVIATION,35,42
2026-05-30T02:30:00,BATCH-1030,COAT-02,Azithromycin_250mg,35.82,NORMAL,35,42
2026-05-30T02:35:00,BATCH-1030,COAT-02,Azithromycin_250mg,38.35,NORMAL,35,42
2026-05-30T02:40:00,BATCH-1030,COAT-02,Azithromycin_250mg,39.23,NORMAL,35,42
2026-05-30T02:45:00,BATCH-1030,COAT-02,Azithromycin_250mg,41.41,NORMAL,35,42
2026-05-30T02:50:00,BATCH-1030,COAT-02,Azithromycin_250mg,40.43,NORMAL,35,42
2026-05-30T02:55:00,BATCH-1030,COAT-02,Azithromycin_250mg,38.74,NORMAL,35,42
2026-05-30T03:00:00,BATCH-1030,COAT-02,Azithromycin_250mg,36.83,NORMAL,35,42
2026-05-30T03:05:00,BATCH-1030,COAT-02,Azithromycin_250mg,38.48,NORMAL,35,42
2026-05-30T03:10:00,BATCH-1030,COAT-02,Azithromycin_250mg,41.87,NORMAL,35,42
2026-05-30T03:15:00,BATCH-1030,COAT-02,Azithromycin_250mg,40.88,NORMAL,35,42
2026-05-30T03:20:00,BATCH-1030,COAT-02,Azithromycin_250mg,37.59,NORMAL,35,42
2026-05-30T03:25:00,BATCH-1030,COAT-02,Azithromycin_250mg,38.94,NORMAL,35,42
2026-05-30T03:30:00,BATCH-1030,COAT-02,Azithromycin_250mg,36.02,NORMAL,35,42
2026-05-30T03:35:00,BATCH-1030,COAT-02,Azithromycin_250mg,41.54,NORMAL,35,42
2026-05-30T03:40:00,BATCH-1030,COAT-02,Azithromycin_250mg,37.92,NORMAL,35,42
2026-05-30T03:45:00,BATCH-1030,COAT-02,Azithromycin_250mg,37.31,NORMAL,35,42
2026-05-30T03:50:00,BATCH-1030,COAT-02,Azithromycin_250mg,40.83,NORMAL,35,42
2026-05-30T03:55:00,BATCH-1030,COAT-02,Azithromycin_250mg,39.58,NORMAL,35,42
2026-05-30T20:00:00,BATCH-1031,COAT-01,Metformin_500mg,41.29,NORMAL,40,45
2026-05-30T20:05:00,BATCH-1031,COAT-01,Metformin_500mg,44.83,NORMAL,40,45
2026-05-30T20:10:00,BATCH-1031,COAT-01,Metformin_500mg,42.45,NORMAL,40,45
2026-05-30T20:15:00,BATCH-1031,COAT-01,Metformin_500mg,43.97,NORMAL,40,45
2026-05-30T20:20:00,BATCH-1031,COAT-01,Metformin_500mg,43.6,NORMAL,40,45
2026-05-30T20:25:00,BATCH-1031,COAT-01,Metformin_500mg,44.58,NORMAL,40,45
2026-05-30T20:30:00,BATCH-1031,COAT-01,Metformin_500mg,43.21,NORMAL,40,45
2026-05-30T20:35:00,BATCH-1031,COAT-01,Metformin_500mg,40.17,NORMAL,40,45
2026-05-30T20:40:00,BATCH-1031,COAT-01,Metformin_500mg,44.73,NORMAL,40,45
2026-05-30T20:45:00,BATCH-1031,COAT-01,Metformin_500mg,43.82,NORMAL,40,45
2026-05-30T20:50:00,BATCH-1031,COAT-01,Metformin_500mg,44.21,NORMAL,40,45
2026-05-30T20:55:00,BATCH-1031,COAT-01,Metformin_500mg,43.54,NORMAL,40,45
2026-05-30T21:00:00,BATCH-1031,COAT-01,Metformin_500mg,48.02,DEVIATION,40,45
2026-05-30T21:05:00,BATCH-1031,COAT-01,Metformin_500mg,43.09,NORMAL,40,45
2026-05-30T21:10:00,BATCH-1031,COAT-01,Metformin_500mg,43.08,NORMAL,40,45
2026-05-30T21:15:00,BATCH-1031,COAT-01,Metformin_500mg,42.44,NORMAL,40,45
2026-05-30T21:20:00,BATCH-1031,COAT-01,Metformin_500mg,48.21,DEVIATION,40,45
2026-05-30T21:25:00,BATCH-1031,COAT-01,Metformin_500mg,48.12,DEVIATION,40,45
2026-05-30T21:30:00,BATCH-1031,COAT-01,Metformin_500mg,44.89,NORMAL,40,45
2026-05-30T21:35:00,BATCH-1031,COAT-01,Metformin_500mg,49.25,DEVIATION,40,45
2026-05-30T21:40:00,BATCH-1031,COAT-01,Metformin_500mg,44.03,NORMAL,40,45
2026-05-30T21:45:00,BATCH-1031,COAT-01,Metformin_500mg,40.54,NORMAL,40,45
2026-05-30T21:50:00,BATCH-1031,COAT-01,Metformin_500mg,40.74,NORMAL,40,45
2026-05-30T21:55:00,BATCH-1031,COAT-01,Metformin_500mg,42.63,NORMAL,40,45
2026-05-30T22:00:00,BATCH-1031,COAT-01,Metformin_500mg,41.34,NORMAL,40,45
2026-05-30T22:05:00,BATCH-1031,COAT-01,Metformin_500mg,41.87,NORMAL,40,45
2026-05-30T22:10:00,BATCH-1031,COAT-01,Metformin_500mg,42.83,NORMAL,40,45
2026-05-30T22:15:00,BATCH-1031,COAT-01,Metformin_500mg,41.13,NORMAL,40,45
2026-05-30T22:20:00,BATCH-1031,COAT-01,Metformin_500mg,44.24,NORMAL,40,45
2026-05-30T22:25:00,BATCH-1031,COAT-01,Metformin_500mg,44.29,NORMAL,40,45
2026-05-30T22:30:00,BATCH-1031,COAT-01,Metformin_500mg,40.47,NORMAL,40,45
2026-05-30T22:35:00,BATCH-1031,COAT-01,Metformin_500mg,42.76,NORMAL,40,45
2026-05-30T22:40:00,BATCH-1031,COAT-01,Metformin_500mg,40.05,NORMAL,40,45
2026-05-30T22:45:00,BATCH-1031,COAT-01,Metformin_500mg,42.5,NORMAL,40,45
2026-05-30T22:50:00,BATCH-1031,COAT-01,Metformin_500mg,43.92,NORMAL,40,45
2026-05-30T22:55:00,BATCH-1031,COAT-01,Metformin_500mg,44.29,NORMAL,40,45
2026-05-30T21:00:00,BATCH-1032,COAT-02,Amlodipine_5mg,42.64,NORMAL,40,45
2026-05-30T21:05:00,BATCH-1032,COAT-02,Amlodipine_5mg,41.06,NORMAL,40,45
2026-05-30T21:10:00,BATCH-1032,COAT-02,Amlodipine_5mg,44.44,NORMAL,40,45
2026-05-30T21:15:00,BATCH-1032,COAT-02,Amlodipine_5mg,40.23,NORMAL,40,45
2026-05-30T21:20:00,BATCH-1032,COAT-02,Amlodipine_5mg,44.63,NORMAL,40,45
2026-05-30T21:25:00,BATCH-1032,COAT-02,Amlodipine_5mg,42.82,NORMAL,40,45
2026-05-30T21:30:00,BATCH-1032,COAT-02,Amlodipine_5mg,49.72,DEVIATION,40,45
2026-05-30T21:35:00,BATCH-1032,COAT-02,Amlodipine_5mg,44.81,NORMAL,40,45
2026-05-30T21:40:00,BATCH-1032,COAT-02,Amlodipine_5mg,43.76,NORMAL,40,45
2026-05-30T21:45:00,BATCH-1032,COAT-02,Amlodipine_5mg,41.99,NORMAL,40,45
2026-05-30T21:50:00,BATCH-1032,COAT-02,Amlodipine_5mg,40.81,NORMAL,40,45
2026-05-30T21:55:00,BATCH-1032,COAT-02,Amlodipine_5mg,44.17,NORMAL,40,45
2026-05-30T22:00:00,BATCH-1032,COAT-02,Amlodipine_5mg,44.48,NORMAL,40,45
2026-05-30T22:05:00,BATCH-1032,COAT-02,Amlodipine_5mg,43.78,NORMAL,40,45
2026-05-30T22:10:00,BATCH-1032,COAT-02,Amlodipine_5mg,44.94,NORMAL,40,45
2026-05-30T22:15:00,BATCH-1032,COAT-02,Amlodipine_5mg,42.5,NORMAL,40,45
2026-05-30T22:20:00,BATCH-1032,COAT-02,Amlodipine_5mg,40.27,NORMAL,40,45
2026-05-30T22:25:00,BATCH-1032,COAT-02,Amlodipine_5mg,44.19,NORMAL,40,45
2026-05-30T22:30:00,BATCH-1032,COAT-02,Amlodipine_5mg,43.85,NORMAL,40,45
2026-05-30T22:35:00,BATCH-1032,COAT-02,Amlodipine_5mg,41.98,NORMAL,40,45
2026-05-30T22:40:00,BATCH-1032,COAT-02,Amlodipine_5mg,40.15,NORMAL,40,45
2026-05-30T22:45:00,BATCH-1032,COAT-02,Amlodipine_5mg,44.96,NORMAL,40,45
2026-05-30T22:50:00,BATCH-1032,COAT-02,Amlodipine_5mg,41.78,NORMAL,40,45
2026-05-30T22:55:00,BATCH-1032,COAT-02,Amlodipine_5mg,42.16,NORMAL,40,45
2026-05-30T23:00:00,BATCH-1032,COAT-02,Amlodipine_5mg,43.3,NORMAL,40,45
2026-05-30T23:05:00,BATCH-1032,COAT-02,Amlodipine_5mg,43.09,NORMAL,40,45
2026-05-30T23:10:00,BATCH-1032,COAT-02,Amlodipine_5mg,43.57,NORMAL,40,45
2026-05-30T23:15:00,BATCH-1032,COAT-02,Amlodipine_5mg,40.77,NORMAL,40,45
2026-05-30T23:20:00,BATCH-1032,COAT-02,Amlodipine_5mg,43.17,NORMAL,40,45
2026-05-30T23:25:00,BATCH-1032,COAT-02,Amlodipine_5mg,41.58,NORMAL,40,45
2026-05-30T23:30:00,BATCH-1032,COAT-02,Amlodipine_5mg,40.03,NORMAL,40,45
2026-05-30T23:35:00,BATCH-1032,COAT-02,Amlodipine_5mg,41.8,NORMAL,40,45
2026-05-30T23:40:00,BATCH-1032,COAT-02,Amlodipine_5mg,40.66,NORMAL,40,45
2026-05-30T23:45:00,BATCH-1032,COAT-02,Amlodipine_5mg,42.24,NORMAL,40,45
2026-05-30T23:50:00,BATCH-1032,COAT-02,Amlodipine_5mg,42.04,NORMAL,40,45
2026-05-30T23:55:00,BATCH-1032,COAT-02,Amlodipine_5mg,47.42,DEVIATION,40,45
2026-05-31T22:00:00,BATCH-1033,COAT-01,Atorvastatin_10mg,41.59,NORMAL,38,44
2026-05-31T22:05:00,BATCH-1033,COAT-01,Atorvastatin_10mg,40.31,NORMAL,38,44
2026-05-31T22:10:00,BATCH-1033,COAT-01,Atorvastatin_10mg,40.33,NORMAL,38,44
2026-05-31T22:15:00,BATCH-1033,COAT-01,Atorvastatin_10mg,43.41,NORMAL,38,44
2026-05-31T22:20:00,BATCH-1033,COAT-01,Atorvastatin_10mg,43.87,NORMAL,38,44
2026-05-31T22:25:00,BATCH-1033,COAT-01,Atorvastatin_10mg,39.02,NORMAL,38,44
2026-05-31T22:30:00,BATCH-1033,COAT-01,Atorvastatin_10mg,38.83,NORMAL,38,44
2026-05-31T22:35:00,BATCH-1033,COAT-01,Atorvastatin_10mg,40.96,NORMAL,38,44
2026-05-31T22:40:00,BATCH-1033,COAT-01,Atorvastatin_10mg,40.61,NORMAL,38,44
2026-05-31T22:45:00,BATCH-1033,COAT-01,Atorvastatin_10mg,40.91,NORMAL,38,44
2026-05-31T22:50:00,BATCH-1033,COAT-01,Atorvastatin_10mg,39.51,NORMAL,38,44
2026-05-31T22:55:00,BATCH-1033,COAT-01,Atorvastatin_10mg,41.75,NORMAL,38,44
2026-05-31T23:00:00,BATCH-1033,COAT-01,Atorvastatin_10mg,39.17,NORMAL,38,44
2026-05-31T23:05:00,BATCH-1033,COAT-01,Atorvastatin_10mg,39.83,NORMAL,38,44
2026-05-31T23:10:00,BATCH-1033,COAT-01,Atorvastatin_10mg,39.99,NORMAL,38,44
2026-05-31T23:15:00,BATCH-1033,COAT-01,Atorvastatin_10mg,42.82,NORMAL,38,44
2026-05-31T23:20:00,BATCH-1033,COAT-01,Atorvastatin_10mg,40.01,NORMAL,38,44
2026-05-31T23:25:00,BATCH-1033,COAT-01,Atorvastatin_10mg,43.16,NORMAL,38,44
2026-05-31T23:30:00,BATCH-1033,COAT-01,Atorvastatin_10mg,38.82,NORMAL,38,44
2026-05-31T23:35:00,BATCH-1033,COAT-01,Atorvastatin_10mg,43.68,NORMAL,38,44
2026-05-31T23:40:00,BATCH-1033,COAT-01,Atorvastatin_10mg,39.89,NORMAL,38,44
2026-05-31T23:45:00,BATCH-1033,COAT-01,Atorvastatin_10mg,43.81,NORMAL,38,44
2026-05-31T23:50:00,BATCH-1033,COAT-01,Atorvastatin_10mg,42.17,NORMAL,38,44
2026-05-31T23:55:00,BATCH-1033,COAT-01,Atorvastatin_10mg,41.46,NORMAL,38,44
2026-06-01T00:00:00,BATCH-1033,COAT-01,Atorvastatin_10mg,40.26,NORMAL,38,44
2026-06-01T00:05:00,BATCH-1033,COAT-01,Atorvastatin_10mg,40.36,NORMAL,38,44
2026-06-01T00:10:00,BATCH-1033,COAT-01,Atorvastatin_10mg,41.38,NORMAL,38,44
2026-06-01T00:15:00,BATCH-1033,COAT-01,Atorvastatin_10mg,41.27,NORMAL,38,44
2026-06-01T00:20:00,BATCH-1033,COAT-01,Atorvastatin_10mg,41.3,NORMAL,38,44
2026-06-01T00:25:00,BATCH-1033,COAT-01,Atorvastatin_10mg,40.77,NORMAL,38,44
2026-06-01T00:30:00,BATCH-1033,COAT-01,Atorvastatin_10mg,40.63,NORMAL,38,44
2026-06-01T00:35:00,BATCH-1033,COAT-01,Atorvastatin_10mg,42.16,NORMAL,38,44
2026-06-01T00:40:00,BATCH-1033,COAT-01,Atorvastatin_10mg,42.77,NORMAL,38,44
2026-06-01T00:45:00,BATCH-1033,COAT-01,Atorvastatin_10mg,41.0,NORMAL,38,44
2026-06-01T00:50:00,BATCH-1033,COAT-01,Atorvastatin_10mg,39.45,NORMAL,38,44
2026-06-01T00:55:00,BATCH-1033,COAT-01,Atorvastatin_10mg,42.29,NORMAL,38,44
2026-05-31T23:00:00,BATCH-1034,COAT-02,Paracetamol_500mg,40.44,NORMAL,40,46
2026-05-31T23:05:00,BATCH-1034,COAT-02,Paracetamol_500mg,42.88,NORMAL,40,46
2026-05-31T23:10:00,BATCH-1034,COAT-02,Paracetamol_500mg,43.04,NORMAL,40,46
2026-05-31T23:15:00,BATCH-1034,COAT-02,Paracetamol_500mg,44.15,NORMAL,40,46
2026-05-31T23:20:00,BATCH-1034,COAT-02,Paracetamol_500mg,44.74,NORMAL,40,46
2026-05-31T23:25:00,BATCH-1034,COAT-02,Paracetamol_500mg,45.37,NORMAL,40,46
2026-05-31T23:30:00,BATCH-1034,COAT-02,Paracetamol_500mg,43.83,NORMAL,40,46
2026-05-31T23:35:00,BATCH-1034,COAT-02,Paracetamol_500mg,44.61,NORMAL,40,46
2026-05-31T23:40:00,BATCH-1034,COAT-02,Paracetamol_500mg,42.13,NORMAL,40,46
2026-05-31T23:45:00,BATCH-1034,COAT-02,Paracetamol_500mg,40.27,NORMAL,40,46
2026-05-31T23:50:00,BATCH-1034,COAT-02,Paracetamol_500mg,44.06,NORMAL,40,46
2026-05-31T23:55:00,BATCH-1034,COAT-02,Paracetamol_500mg,44.52,NORMAL,40,46
2026-06-01T00:00:00,BATCH-1034,COAT-02,Paracetamol_500mg,42.58,NORMAL,40,46
2026-06-01T00:05:00,BATCH-1034,COAT-02,Paracetamol_500mg,48.03,DEVIATION,40,46
2026-06-01T00:10:00,BATCH-1034,COAT-02,Paracetamol_500mg,43.11,NORMAL,40,46
2026-06-01T00:15:00,BATCH-1034,COAT-02,Paracetamol_500mg,43.45,NORMAL,40,46
2026-06-01T00:20:00,BATCH-1034,COAT-02,Paracetamol_500mg,42.35,NORMAL,40,46
2026-06-01T00:25:00,BATCH-1034,COAT-02,Paracetamol_500mg,43.53,NORMAL,40,46
2026-06-01T00:30:00,BATCH-1034,COAT-02,Paracetamol_500mg,42.07,NORMAL,40,46
2026-06-01T00:35:00,BATCH-1034,COAT-02,Paracetamol_500mg,47.42,DEVIATION,40,46
2026-06-01T00:40:00,BATCH-1034,COAT-02,Paracetamol_500mg,45.77,NORMAL,40,46
2026-06-01T00:45:00,BATCH-1034,COAT-02,Paracetamol_500mg,45.64,NORMAL,40,46
2026-06-01T00:50:00,BATCH-1034,COAT-02,Paracetamol_500mg,41.87,NORMAL,40,46
2026-06-01T00:55:00,BATCH-1034,COAT-02,Paracetamol_500mg,41.24,NORMAL,40,46
2026-06-01T01:00:00,BATCH-1034,COAT-02,Paracetamol_500mg,42.86,NORMAL,40,46
2026-06-01T01:05:00,BATCH-1034,COAT-02,Paracetamol_500mg,44.18,NORMAL,40,46
2026-06-01T01:10:00,BATCH-1034,COAT-02,Paracetamol_500mg,41.8,NORMAL,40,46
2026-06-01T01:15:00,BATCH-1034,COAT-02,Paracetamol_500mg,40.69,NORMAL,40,46
2026-06-01T01:20:00,BATCH-1034,COAT-02,Paracetamol_500mg,43.89,NORMAL,40,46
2026-06-01T01:25:00,BATCH-1034,COAT-02,Paracetamol_500mg,40.99,NORMAL,40,46
2026-06-01T01:30:00,BATCH-1034,COAT-02,Paracetamol_500mg,41.46,NORMAL,40,46
2026-06-01T01:35:00,BATCH-1034,COAT-02,Paracetamol_500mg,40.96,NORMAL,40,46
2026-06-01T01:40:00,BATCH-1034,COAT-02,Paracetamol_500mg,45.75,NORMAL,40,46
2026-06-01T01:45:00,BATCH-1034,COAT-02,Paracetamol_500mg,42.43,NORMAL,40,46
2026-06-01T01:50:00,BATCH-1034,COAT-02,Paracetamol_500mg,43.84,NORMAL,40,46
2026-06-01T01:55:00,BATCH-1034,COAT-02,Paracetamol_500mg,40.18,NORMAL,40,46
2026-06-02T00:00:00,BATCH-1035,COAT-01,Azithromycin_250mg,36.38,NORMAL,35,42
2026-06-02T00:05:00,BATCH-1035,COAT-01,Azithromycin_250mg,37.72,NORMAL,35,42
2026-06-02T00:10:00,BATCH-1035,COAT-01,Azithromycin_250mg,36.44,NORMAL,35,42
2026-06-02T00:15:00,BATCH-1035,COAT-01,Azithromycin_250mg,40.66,NORMAL,35,42
2026-06-02T00:20:00,BATCH-1035,COAT-01,Azithromycin_250mg,35.71,NORMAL,35,42
2026-06-02T00:25:00,BATCH-1035,COAT-01,Azithromycin_250mg,36.31,NORMAL,35,42
2026-06-02T00:30:00,BATCH-1035,COAT-01,Azithromycin_250mg,38.2,NORMAL,35,42
2026-06-02T00:35:00,BATCH-1035,COAT-01,Azithromycin_250mg,41.04,NORMAL,35,42
2026-06-02T00:40:00,BATCH-1035,COAT-01,Azithromycin_250mg,39.47,NORMAL,35,42
2026-06-02T00:45:00,BATCH-1035,COAT-01,Azithromycin_250mg,39.28,NORMAL,35,42
2026-06-02T00:50:00,BATCH-1035,COAT-01,Azithromycin_250mg,37.44,NORMAL,35,42
2026-06-02T00:55:00,BATCH-1035,COAT-01,Azithromycin_250mg,39.32,NORMAL,35,42
2026-06-02T01:00:00,BATCH-1035,COAT-01,Azithromycin_250mg,39.94,NORMAL,35,42
2026-06-02T01:05:00,BATCH-1035,COAT-01,Azithromycin_250mg,39.3,NORMAL,35,42
2026-06-02T01:10:00,BATCH-1035,COAT-01,Azithromycin_250mg,35.94,NORMAL,35,42
2026-06-02T01:15:00,BATCH-1035,COAT-01,Azithromycin_250mg,37.14,NORMAL,35,42
2026-06-02T01:20:00,BATCH-1035,COAT-01,Azithromycin_250mg,39.85,NORMAL,35,42
2026-06-02T01:25:00,BATCH-1035,COAT-01,Azithromycin_250mg,37.93,NORMAL,35,42
2026-06-02T01:30:00,BATCH-1035,COAT-01,Azithromycin_250mg,37.69,NORMAL,35,42
2026-06-02T01:35:00,BATCH-1035,COAT-01,Azithromycin_250mg,39.45,NORMAL,35,42
2026-06-02T01:40:00,BATCH-1035,COAT-01,Azithromycin_250mg,39.52,NORMAL,35,42
2026-06-02T01:45:00,BATCH-1035,COAT-01,Azithromycin_250mg,38.88,NORMAL,35,42
2026-06-02T01:50:00,BATCH-1035,COAT-01,Azithromycin_250mg,35.98,NORMAL,35,42
2026-06-02T01:55:00,BATCH-1035,COAT-01,Azithromycin_250mg,38.16,NORMAL,35,42
2026-06-02T02:00:00,BATCH-1035,COAT-01,Azithromycin_250mg,37.51,NORMAL,35,42
2026-06-02T02:05:00,BATCH-1035,COAT-01,Azithromycin_250mg,43.55,DEVIATION,35,42
2026-06-02T02:10:00,BATCH-1035,COAT-01,Azithromycin_250mg,41.75,NORMAL,35,42
2026-06-02T02:15:00,BATCH-1035,COAT-01,Azithromycin_250mg,38.46,NORMAL,35,42
2026-06-02T02:20:00,BATCH-1035,COAT-01,Azithromycin_250mg,37.91,NORMAL,35,42
2026-06-02T02:25:00,BATCH-1035,COAT-01,Azithromycin_250mg,38.42,NORMAL,35,42
2026-06-02T02:30:00,BATCH-1035,COAT-01,Azithromycin_250mg,35.22,NORMAL,35,42
2026-06-02T02:35:00,BATCH-1035,COAT-01,Azithromycin_250mg,37.04,NORMAL,35,42
2026-06-02T02:40:00,BATCH-1035,COAT-01,Azithromycin_250mg,38.76,NORMAL,35,42
2026-06-02T02:45:00,BATCH-1035,COAT-01,Azithromycin_250mg,38.2,NORMAL,35,42
2026-06-02T02:50:00,BATCH-1035,COAT-01,Azithromycin_250mg,40.36,NORMAL,35,42
2026-06-02T02:55:00,BATCH-1035,COAT-01,Azithromycin_250mg,35.79,NORMAL,35,42
2026-06-03T01:00:00,BATCH-1036,COAT-02,Metformin_500mg,43.88,NORMAL,40,45
2026-06-03T01:05:00,BATCH-1036,COAT-02,Metformin_500mg,41.83,NORMAL,40,45
2026-06-03T01:10:00,BATCH-1036,COAT-02,Metformin_500mg,40.21,NORMAL,40,45
2026-06-03T01:15:00,BATCH-1036,COAT-02,Metformin_500mg,42.73,NORMAL,40,45
2026-06-03T01:20:00,BATCH-1036,COAT-02,Metformin_500mg,40.51,NORMAL,40,45
2026-06-03T01:25:00,BATCH-1036,COAT-02,Metformin_500mg,43.76,NORMAL,40,45
2026-06-03T01:30:00,BATCH-1036,COAT-02,Metformin_500mg,45.0,NORMAL,40,45
2026-06-03T01:35:00,BATCH-1036,COAT-02,Metformin_500mg,41.74,NORMAL,40,45
2026-06-03T01:40:00,BATCH-1036,COAT-02,Metformin_500mg,42.2,NORMAL,40,45
2026-06-03T01:45:00,BATCH-1036,COAT-02,Metformin_500mg,43.88,NORMAL,40,45
2026-06-03T01:50:00,BATCH-1036,COAT-02,Metformin_500mg,44.05,NORMAL,40,45
2026-06-03T01:55:00,BATCH-1036,COAT-02,Metformin_500mg,41.75,NORMAL,40,45
2026-06-03T02:00:00,BATCH-1036,COAT-02,Metformin_500mg,43.16,NORMAL,40,45
2026-06-03T02:05:00,BATCH-1036,COAT-02,Metformin_500mg,40.7,NORMAL,40,45
2026-06-03T02:10:00,BATCH-1036,COAT-02,Metformin_500mg,41.03,NORMAL,40,45
2026-06-03T02:15:00,BATCH-1036,COAT-02,Metformin_500mg,41.75,NORMAL,40,45
2026-06-03T02:20:00,BATCH-1036,COAT-02,Metformin_500mg,42.69,NORMAL,40,45
2026-06-03T02:25:00,BATCH-1036,COAT-02,Metformin_500mg,43.52,NORMAL,40,45
2026-06-03T02:30:00,BATCH-1036,COAT-02,Metformin_500mg,41.34,NORMAL,40,45
2026-06-03T02:35:00,BATCH-1036,COAT-02,Metformin_500mg,44.93,NORMAL,40,45
2026-06-03T02:40:00,BATCH-1036,COAT-02,Metformin_500mg,40.48,NORMAL,40,45
2026-06-03T02:45:00,BATCH-1036,COAT-02,Metformin_500mg,43.93,NORMAL,40,45
2026-06-03T02:50:00,BATCH-1036,COAT-02,Metformin_500mg,44.96,NORMAL,40,45
2026-06-03T02:55:00,BATCH-1036,COAT-02,Metformin_500mg,40.63,NORMAL,40,45
2026-06-03T03:00:00,BATCH-1036,COAT-02,Metformin_500mg,41.25,NORMAL,40,45
2026-06-03T03:05:00,BATCH-1036,COAT-02,Metformin_500mg,44.14,NORMAL,40,45
2026-06-03T03:10:00,BATCH-1036,COAT-02,Metformin_500mg,43.38,NORMAL,40,45
2026-06-03T03:15:00,BATCH-1036,COAT-02,Metformin_500mg,42.89,NORMAL,40,45
2026-06-03T03:20:00,BATCH-1036,COAT-02,Metformin_500mg,42.07,NORMAL,40,45
2026-06-03T03:25:00,BATCH-1036,COAT-02,Metformin_500mg,43.17,NORMAL,40,45
2026-06-03T03:30:00,BATCH-1036,COAT-02,Metformin_500mg,40.47,NORMAL,40,45
2026-06-03T03:35:00,BATCH-1036,COAT-02,Metformin_500mg,41.39,NORMAL,40,45
2026-06-03T03:40:00,BATCH-1036,COAT-02,Metformin_500mg,41.85,NORMAL,40,45
2026-06-03T03:45:00,BATCH-1036,COAT-02,Metformin_500mg,41.64,NORMAL,40,45
2026-06-03T03:50:00,BATCH-1036,COAT-02,Metformin_500mg,49.1,DEVIATION,40,45
2026-06-03T03:55:00,BATCH-1036,COAT-02,Metformin_500mg,43.65,NORMAL,40,45
2026-06-02T20:00:00,BATCH-1037,COAT-01,Amlodipine_5mg,43.32,NORMAL,40,45
2026-06-02T20:05:00,BATCH-1037,COAT-01,Amlodipine_5mg,40.32,NORMAL,40,45
2026-06-02T20:10:00,BATCH-1037,COAT-01,Amlodipine_5mg,41.09,NORMAL,40,45
2026-06-02T20:15:00,BATCH-1037,COAT-01,Amlodipine_5mg,41.06,NORMAL,40,45
2026-06-02T20:20:00,BATCH-1037,COAT-01,Amlodipine_5mg,44.14,NORMAL,40,45
2026-06-02T20:25:00,BATCH-1037,COAT-01,Amlodipine_5mg,42.89,NORMAL,40,45
2026-06-02T20:30:00,BATCH-1037,COAT-01,Amlodipine_5mg,42.43,NORMAL,40,45
2026-06-02T20:35:00,BATCH-1037,COAT-01,Amlodipine_5mg,43.41,NORMAL,40,45
2026-06-02T20:40:00,BATCH-1037,COAT-01,Amlodipine_5mg,40.5,NORMAL,40,45
2026-06-02T20:45:00,BATCH-1037,COAT-01,Amlodipine_5mg,42.3,NORMAL,40,45
2026-06-02T20:50:00,BATCH-1037,COAT-01,Amlodipine_5mg,44.29,NORMAL,40,45
2026-06-02T20:55:00,BATCH-1037,COAT-01,Amlodipine_5mg,40.0,NORMAL,40,45
2026-06-02T21:00:00,BATCH-1037,COAT-01,Amlodipine_5mg,41.01,NORMAL,40,45
2026-06-02T21:05:00,BATCH-1037,COAT-01,Amlodipine_5mg,40.66,NORMAL,40,45
2026-06-02T21:10:00,BATCH-1037,COAT-01,Amlodipine_5mg,40.79,NORMAL,40,45
2026-06-02T21:15:00,BATCH-1037,COAT-01,Amlodipine_5mg,41.37,NORMAL,40,45
2026-06-02T21:20:00,BATCH-1037,COAT-01,Amlodipine_5mg,41.25,NORMAL,40,45
2026-06-02T21:25:00,BATCH-1037,COAT-01,Amlodipine_5mg,44.52,NORMAL,40,45
2026-06-02T21:30:00,BATCH-1037,COAT-01,Amlodipine_5mg,41.98,NORMAL,40,45
2026-06-02T21:35:00,BATCH-1037,COAT-01,Amlodipine_5mg,43.5,NORMAL,40,45
2026-06-02T21:40:00,BATCH-1037,COAT-01,Amlodipine_5mg,43.28,NORMAL,40,45
2026-06-02T21:45:00,BATCH-1037,COAT-01,Amlodipine_5mg,40.01,NORMAL,40,45
2026-06-02T21:50:00,BATCH-1037,COAT-01,Amlodipine_5mg,40.66,NORMAL,40,45
2026-06-02T21:55:00,BATCH-1037,COAT-01,Amlodipine_5mg,43.4,NORMAL,40,45
2026-06-02T22:00:00,BATCH-1037,COAT-01,Amlodipine_5mg,48.78,DEVIATION,40,45
2026-06-02T22:05:00,BATCH-1037,COAT-01,Amlodipine_5mg,44.94,NORMAL,40,45
2026-06-02T22:10:00,BATCH-1037,COAT-01,Amlodipine_5mg,40.66,NORMAL,40,45
2026-06-02T22:15:00,BATCH-1037,COAT-01,Amlodipine_5mg,41.92,NORMAL,40,45
2026-06-02T22:20:00,BATCH-1037,COAT-01,Amlodipine_5mg,40.51,NORMAL,40,45
2026-06-02T22:25:00,BATCH-1037,COAT-01,Amlodipine_5mg,44.4,NORMAL,40,45
2026-06-02T22:30:00,BATCH-1037,COAT-01,Amlodipine_5mg,43.87,NORMAL,40,45
2026-06-02T22:35:00,BATCH-1037,COAT-01,Amlodipine_5mg,40.67,NORMAL,40,45
2026-06-02T22:40:00,BATCH-1037,COAT-01,Amlodipine_5mg,40.71,NORMAL,40,45
2026-06-02T22:45:00,BATCH-1037,COAT-01,Amlodipine_5mg,40.04,NORMAL,40,45
2026-06-02T22:50:00,BATCH-1037,COAT-01,Amlodipine_5mg,42.2,NORMAL,40,45
2026-06-02T22:55:00,BATCH-1037,COAT-01,Amlodipine_5mg,43.14,NORMAL,40,45
2026-06-03T21:00:00,BATCH-1038,COAT-02,Atorvastatin_10mg,40.47,NORMAL,38,44
2026-06-03T21:05:00,BATCH-1038,COAT-02,Atorvastatin_10mg,43.16,NORMAL,38,44
2026-06-03T21:10:00,BATCH-1038,COAT-02,Atorvastatin_10mg,38.6,NORMAL,38,44
2026-06-03T21:15:00,BATCH-1038,COAT-02,Atorvastatin_10mg,41.54,NORMAL,38,44
2026-06-03T21:20:00,BATCH-1038,COAT-02,Atorvastatin_10mg,43.78,NORMAL,38,44
2026-06-03T21:25:00,BATCH-1038,COAT-02,Atorvastatin_10mg,38.84,NORMAL,38,44
2026-06-03T21:30:00,BATCH-1038,COAT-02,Atorvastatin_10mg,38.51,NORMAL,38,44
2026-06-03T21:35:00,BATCH-1038,COAT-02,Atorvastatin_10mg,41.6,NORMAL,38,44
2026-06-03T21:40:00,BATCH-1038,COAT-02,Atorvastatin_10mg,42.67,NORMAL,38,44
2026-06-03T21:45:00,BATCH-1038,COAT-02,Atorvastatin_10mg,43.09,NORMAL,38,44
2026-06-03T21:50:00,BATCH-1038,COAT-02,Atorvastatin_10mg,39.81,NORMAL,38,44
2026-06-03T21:55:00,BATCH-1038,COAT-02,Atorvastatin_10mg,41.06,NORMAL,38,44
2026-06-03T22:00:00,BATCH-1038,COAT-02,Atorvastatin_10mg,39.77,NORMAL,38,44
2026-06-03T22:05:00,BATCH-1038,COAT-02,Atorvastatin_10mg,43.39,NORMAL,38,44
2026-06-03T22:10:00,BATCH-1038,COAT-02,Atorvastatin_10mg,40.97,NORMAL,38,44
2026-06-03T22:15:00,BATCH-1038,COAT-02,Atorvastatin_10mg,41.0,NORMAL,38,44
2026-06-03T22:20:00,BATCH-1038,COAT-02,Atorvastatin_10mg,41.17,NORMAL,38,44
2026-06-03T22:25:00,BATCH-1038,COAT-02,Atorvastatin_10mg,43.92,NORMAL,38,44
2026-06-03T22:30:00,BATCH-1038,COAT-02,Atorvastatin_10mg,38.79,NORMAL,38,44
2026-06-03T22:35:00,BATCH-1038,COAT-02,Atorvastatin_10mg,41.41,NORMAL,38,44
2026-06-03T22:40:00,BATCH-1038,COAT-02,Atorvastatin_10mg,42.1,NORMAL,38,44
2026-06-03T22:45:00,BATCH-1038,COAT-02,Atorvastatin_10mg,43.73,NORMAL,38,44
2026-06-03T22:50:00,BATCH-1038,COAT-02,Atorvastatin_10mg,38.1,NORMAL,38,44
2026-06-03T22:55:00,BATCH-1038,COAT-02,Atorvastatin_10mg,39.57,NORMAL,38,44
2026-06-03T23:00:00,BATCH-1038,COAT-02,Atorvastatin_10mg,45.24,DEVIATION,38,44
2026-06-03T23:05:00,BATCH-1038,COAT-02,Atorvastatin_10mg,41.04,NORMAL,38,44
2026-06-03T23:10:00,BATCH-1038,COAT-02,Atorvastatin_10mg,41.01,NORMAL,38,44
2026-06-03T23:15:00,BATCH-1038,COAT-02,Atorvastatin_10mg,42.21,NORMAL,38,44
2026-06-03T23:20:00,BATCH-1038,COAT-02,Atorvastatin_10mg,41.22,NORMAL,38,44
2026-06-03T23:25:00,BATCH-1038,COAT-02,Atorvastatin_10mg,39.66,NORMAL,38,44
2026-06-03T23:30:00,BATCH-1038,COAT-02,Atorvastatin_10mg,41.07,NORMAL,38,44
2026-06-03T23:35:00,BATCH-1038,COAT-02,Atorvastatin_10mg,42.85,NORMAL,38,44
2026-06-03T23:40:00,BATCH-1038,COAT-02,Atorvastatin_10mg,40.34,NORMAL,38,44
2026-06-03T23:45:00,BATCH-1038,COAT-02,Atorvastatin_10mg,43.01,NORMAL,38,44
2026-06-03T23:50:00,BATCH-1038,COAT-02,Atorvastatin_10mg,38.4,NORMAL,38,44
2026-06-03T23:55:00,BATCH-1038,COAT-02,Atorvastatin_10mg,42.38,NORMAL,38,44
2026-06-03T22:00:00,BATCH-1039,COAT-01,Paracetamol_500mg,40.35,NORMAL,40,46
2026-06-03T22:05:00,BATCH-1039,COAT-01,Paracetamol_500mg,42.61,NORMAL,40,46
2026-06-03T22:10:00,BATCH-1039,COAT-01,Paracetamol_500mg,43.65,NORMAL,40,46
2026-06-03T22:15:00,BATCH-1039,COAT-01,Paracetamol_500mg,44.45,NORMAL,40,46
2026-06-03T22:20:00,BATCH-1039,COAT-01,Paracetamol_500mg,40.72,NORMAL,40,46
2026-06-03T22:25:00,BATCH-1039,COAT-01,Paracetamol_500mg,44.21,NORMAL,40,46
2026-06-03T22:30:00,BATCH-1039,COAT-01,Paracetamol_500mg,45.72,NORMAL,40,46
2026-06-03T22:35:00,BATCH-1039,COAT-01,Paracetamol_500mg,44.7,NORMAL,40,46
2026-06-03T22:40:00,BATCH-1039,COAT-01,Paracetamol_500mg,41.0,NORMAL,40,46
2026-06-03T22:45:00,BATCH-1039,COAT-01,Paracetamol_500mg,44.69,NORMAL,40,46
2026-06-03T22:50:00,BATCH-1039,COAT-01,Paracetamol_500mg,45.32,NORMAL,40,46
2026-06-03T22:55:00,BATCH-1039,COAT-01,Paracetamol_500mg,40.18,NORMAL,40,46
2026-06-03T23:00:00,BATCH-1039,COAT-01,Paracetamol_500mg,41.63,NORMAL,40,46
2026-06-03T23:05:00,BATCH-1039,COAT-01,Paracetamol_500mg,44.27,NORMAL,40,46
2026-06-03T23:10:00,BATCH-1039,COAT-01,Paracetamol_500mg,40.46,NORMAL,40,46
2026-06-03T23:15:00,BATCH-1039,COAT-01,Paracetamol_500mg,42.16,NORMAL,40,46
2026-06-03T23:20:00,BATCH-1039,COAT-01,Paracetamol_500mg,43.4,NORMAL,40,46
2026-06-03T23:25:00,BATCH-1039,COAT-01,Paracetamol_500mg,41.53,NORMAL,40,46
2026-06-03T23:30:00,BATCH-1039,COAT-01,Paracetamol_500mg,43.44,NORMAL,40,46
2026-06-03T23:35:00,BATCH-1039,COAT-01,Paracetamol_500mg,41.37,NORMAL,40,46
2026-06-03T23:40:00,BATCH-1039,COAT-01,Paracetamol_500mg,40.26,NORMAL,40,46
2026-06-03T23:45:00,BATCH-1039,COAT-01,Paracetamol_500mg,41.47,NORMAL,40,46
2026-06-03T23:50:00,BATCH-1039,COAT-01,Paracetamol_500mg,42.3,NORMAL,40,46
2026-06-03T23:55:00,BATCH-1039,COAT-01,Paracetamol_500mg,45.59,NORMAL,40,46
2026-06-04T00:00:00,BATCH-1039,COAT-01,Paracetamol_500mg,43.32,NORMAL,40,46
2026-06-04T00:05:00,BATCH-1039,COAT-01,Paracetamol_500mg,44.44,NORMAL,40,46
2026-06-04T00:10:00,BATCH-1039,COAT-01,Paracetamol_500mg,41.93,NORMAL,40,46
2026-06-04T00:15:00,BATCH-1039,COAT-01,Paracetamol_500mg,44.32,NORMAL,40,46
2026-06-04T00:20:00,BATCH-1039,COAT-01,Paracetamol_500mg,40.47,NORMAL,40,46
2026-06-04T00:25:00,BATCH-1039,COAT-01,Paracetamol_500mg,43.01,NORMAL,40,46
2026-06-04T00:30:00,BATCH-1039,COAT-01,Paracetamol_500mg,41.08,NORMAL,40,46
2026-06-04T00:35:00,BATCH-1039,COAT-01,Paracetamol_500mg,45.89,NORMAL,40,46
2026-06-04T00:40:00,BATCH-1039,COAT-01,Paracetamol_500mg,40.41,NORMAL,40,46
2026-06-04T00:45:00,BATCH-1039,COAT-01,Paracetamol_500mg,41.69,NORMAL,40,46
2026-06-04T00:50:00,BATCH-1039,COAT-01,Paracetamol_500mg,41.96,NORMAL,40,46
2026-06-04T00:55:00,BATCH-1039,COAT-01,Paracetamol_500mg,40.05,NORMAL,40,46
2026-06-04T23:00:00,BATCH-1040,COAT-02,Azithromycin_250mg,38.95,NORMAL,35,42
2026-06-04T23:05:00,BATCH-1040,COAT-02,Azithromycin_250mg,39.36,NORMAL,35,42
2026-06-04T23:10:00,BATCH-1040,COAT-02,Azithromycin_250mg,39.14,NORMAL,35,42
2026-06-04T23:15:00,BATCH-1040,COAT-02,Azithromycin_250mg,40.41,NORMAL,35,42
2026-06-04T23:20:00,BATCH-1040,COAT-02,Azithromycin_250mg,41.3,NORMAL,35,42
2026-06-04T23:25:00,BATCH-1040,COAT-02,Azithromycin_250mg,36.72,NORMAL,35,42
2026-06-04T23:30:00,BATCH-1040,COAT-02,Azithromycin_250mg,44.64,DEVIATION,35,42
2026-06-04T23:35:00,BATCH-1040,COAT-02,Azithromycin_250mg,37.42,NORMAL,35,42
2026-06-04T23:40:00,BATCH-1040,COAT-02,Azithromycin_250mg,41.14,NORMAL,35,42
2026-06-04T23:45:00,BATCH-1040,COAT-02,Azithromycin_250mg,35.01,NORMAL,35,42
2026-06-04T23:50:00,BATCH-1040,COAT-02,Azithromycin_250mg,40.94,NORMAL,35,42
2026-06-04T23:55:00,BATCH-1040,COAT-02,Azithromycin_250mg,35.73,NORMAL,35,42
2026-06-05T00:00:00,BATCH-1040,COAT-02,Azithromycin_250mg,36.67,NORMAL,35,42
2026-06-05T00:05:00,BATCH-1040,COAT-02,Azithromycin_250mg,35.42,NORMAL,35,42
2026-06-05T00:10:00,BATCH-1040,COAT-02,Azithromycin_250mg,39.98,NORMAL,35,42
2026-06-05T00:15:00,BATCH-1040,COAT-02,Azithromycin_250mg,41.45,NORMAL,35,42
2026-06-05T00:20:00,BATCH-1040,COAT-02,Azithromycin_250mg,38.64,NORMAL,35,42
2026-06-05T00:25:00,BATCH-1040,COAT-02,Azithromycin_250mg,37.61,NORMAL,35,42
2026-06-05T00:30:00,BATCH-1040,COAT-02,Azithromycin_250mg,35.59,NORMAL,35,42
2026-06-05T00:35:00,BATCH-1040,COAT-02,Azithromycin_250mg,35.93,NORMAL,35,42
2026-06-05T00:40:00,BATCH-1040,COAT-02,Azithromycin_250mg,35.52,NORMAL,35,42
2026-06-05T00:45:00,BATCH-1040,COAT-02,Azithromycin_250mg,38.04,NORMAL,35,42
2026-06-05T00:50:00,BATCH-1040,COAT-02,Azithromycin_250mg,36.66,NORMAL,35,42
2026-06-05T00:55:00,BATCH-1040,COAT-02,Azithromycin_250mg,37.21,NORMAL,35,42
2026-06-05T01:00:00,BATCH-1040,COAT-02,Azithromycin_250mg,39.91,NORMAL,35,42
2026-06-05T01:05:00,BATCH-1040,COAT-02,Azithromycin_250mg,37.23,NORMAL,35,42
2026-06-05T01:10:00,BATCH-1040,COAT-02,Azithromycin_250mg,35.52,NORMAL,35,42
2026-06-05T01:15:00,BATCH-1040,COAT-02,Azithromycin_250mg,40.46,NORMAL,35,42
2026-06-05T01:20:00,BATCH-1040,COAT-02,Azithromycin_250mg,36.09,NORMAL,35,42
2026-06-05T01:25:00,BATCH-1040,COAT-02,Azithromycin_250mg,38.26,NORMAL,35,42
2026-06-05T01:30:00,BATCH-1040,COAT-02,Azithromycin_250mg,38.75,NORMAL,35,42
2026-06-05T01:35:00,BATCH-1040,COAT-02,Azithromycin_250mg,36.45,NORMAL,35,42
2026-06-05T01:40:00,BATCH-1040,COAT-02,Azithromycin_250mg,36.86,NORMAL,35,42
2026-06-05T01:45:00,BATCH-1040,COAT-02,Azithromycin_250mg,36.1,NORMAL,35,42
2026-06-05T01:50:00,BATCH-1040,COAT-02,Azithromycin_250mg,40.78,NORMAL,35,42
2026-06-05T01:55:00,BATCH-1040,COAT-02,Azithromycin_250mg,35.28,NORMAL,35,42
2026-06-06T00:00:00,BATCH-1041,COAT-01,Metformin_500mg,41.64,NORMAL,40,45
2026-06-06T00:05:00,BATCH-1041,COAT-01,Metformin_500mg,41.24,NORMAL,40,45
2026-06-06T00:10:00,BATCH-1041,COAT-01,Metformin_500mg,42.57,NORMAL,40,45
2026-06-06T00:15:00,BATCH-1041,COAT-01,Metformin_500mg,41.3,NORMAL,40,45
2026-06-06T00:20:00,BATCH-1041,COAT-01,Metformin_500mg,40.16,NORMAL,40,45
2026-06-06T00:25:00,BATCH-1041,COAT-01,Metformin_500mg,42.26,NORMAL,40,45
2026-06-06T00:30:00,BATCH-1041,COAT-01,Metformin_500mg,41.25,NORMAL,40,45
2026-06-06T00:35:00,BATCH-1041,COAT-01,Metformin_500mg,44.02,NORMAL,40,45
2026-06-06T00:40:00,BATCH-1041,COAT-01,Metformin_500mg,40.06,NORMAL,40,45
2026-06-06T00:45:00,BATCH-1041,COAT-01,Metformin_500mg,44.91,NORMAL,40,45
2026-06-06T00:50:00,BATCH-1041,COAT-01,Metformin_500mg,44.12,NORMAL,40,45
2026-06-06T00:55:00,BATCH-1041,COAT-01,Metformin_500mg,43.15,NORMAL,40,45
2026-06-06T01:00:00,BATCH-1041,COAT-01,Metformin_500mg,42.91,NORMAL,40,45
2026-06-06T01:05:00,BATCH-1041,COAT-01,Metformin_500mg,44.06,NORMAL,40,45
2026-06-06T01:10:00,BATCH-1041,COAT-01,Metformin_500mg,46.26,DEVIATION,40,45
2026-06-06T01:15:00,BATCH-1041,COAT-01,Metformin_500mg,42.22,NORMAL,40,45
2026-06-06T01:20:00,BATCH-1041,COAT-01,Metformin_500mg,44.53,NORMAL,40,45
2026-06-06T01:25:00,BATCH-1041,COAT-01,Metformin_500mg,41.66,NORMAL,40,45
2026-06-06T01:30:00,BATCH-1041,COAT-01,Metformin_500mg,42.3,NORMAL,40,45
2026-06-06T01:35:00,BATCH-1041,COAT-01,Metformin_500mg,42.87,NORMAL,40,45
2026-06-06T01:40:00,BATCH-1041,COAT-01,Metformin_500mg,41.97,NORMAL,40,45
2026-06-06T01:45:00,BATCH-1041,COAT-01,Metformin_500mg,48.73,DEVIATION,40,45
2026-06-06T01:50:00,BATCH-1041,COAT-01,Metformin_500mg,41.07,NORMAL,40,45
2026-06-06T01:55:00,BATCH-1041,COAT-01,Metformin_500mg,41.4,NORMAL,40,45
2026-06-06T02:00:00,BATCH-1041,COAT-01,Metformin_500mg,40.17,NORMAL,40,45
2026-06-06T02:05:00,BATCH-1041,COAT-01,Metformin_500mg,41.23,NORMAL,40,45
2026-06-06T02:10:00,BATCH-1041,COAT-01,Metformin_500mg,42.06,NORMAL,40,45
2026-06-06T02:15:00,BATCH-1041,COAT-01,Metformin_500mg,40.3,NORMAL,40,45
2026-06-06T02:20:00,BATCH-1041,COAT-01,Metformin_500mg,40.69,NORMAL,40,45
2026-06-06T02:25:00,BATCH-1041,COAT-01,Metformin_500mg,44.42,NORMAL,40,45
2026-06-06T02:30:00,BATCH-1041,COAT-01,Metformin_500mg,43.15,NORMAL,40,45
2026-06-06T02:35:00,BATCH-1041,COAT-01,Metformin_500mg,43.97,NORMAL,40,45
2026-06-06T02:40:00,BATCH-1041,COAT-01,Metformin_500mg,43.91,NORMAL,40,45
2026-06-06T02:45:00,BATCH-1041,COAT-01,Metformin_500mg,42.72,NORMAL,40,45
2026-06-06T02:50:00,BATCH-1041,COAT-01,Metformin_500mg,44.56,NORMAL,40,45
2026-06-06T02:55:00,BATCH-1041,COAT-01,Metformin_500mg,41.94,NORMAL,40,45
2026-06-06T01:00:00,BATCH-1042,COAT-02,Amlodipine_5mg,41.59,NORMAL,40,45
2026-06-06T01:05:00,BATCH-1042,COAT-02,Amlodipine_5mg,44.48,NORMAL,40,45
2026-06-06T01:10:00,BATCH-1042,COAT-02,Amlodipine_5mg,40.29,NORMAL,40,45
2026-06-06T01:15:00,BATCH-1042,COAT-02,Amlodipine_5mg,42.65,NORMAL,40,45
2026-06-06T01:20:00,BATCH-1042,COAT-02,Amlodipine_5mg,45.0,NORMAL,40,45
2026-06-06T01:25:00,BATCH-1042,COAT-02,Amlodipine_5mg,40.5,NORMAL,40,45
2026-06-06T01:30:00,BATCH-1042,COAT-02,Amlodipine_5mg,41.33,NORMAL,40,45
2026-06-06T01:35:00,BATCH-1042,COAT-02,Amlodipine_5mg,44.59,NORMAL,40,45
2026-06-06T01:40:00,BATCH-1042,COAT-02,Amlodipine_5mg,44.98,NORMAL,40,45
2026-06-06T01:45:00,BATCH-1042,COAT-02,Amlodipine_5mg,44.23,NORMAL,40,45
2026-06-06T01:50:00,BATCH-1042,COAT-02,Amlodipine_5mg,41.77,NORMAL,40,45
2026-06-06T01:55:00,BATCH-1042,COAT-02,Amlodipine_5mg,44.23,NORMAL,40,45
2026-06-06T02:00:00,BATCH-1042,COAT-02,Amlodipine_5mg,42.96,NORMAL,40,45
2026-06-06T02:05:00,BATCH-1042,COAT-02,Amlodipine_5mg,43.49,NORMAL,40,45
2026-06-06T02:10:00,BATCH-1042,COAT-02,Amlodipine_5mg,40.14,NORMAL,40,45
2026-06-06T02:15:00,BATCH-1042,COAT-02,Amlodipine_5mg,44.74,NORMAL,40,45
2026-06-06T02:20:00,BATCH-1042,COAT-02,Amlodipine_5mg,42.82,NORMAL,40,45
2026-06-06T02:25:00,BATCH-1042,COAT-02,Amlodipine_5mg,44.94,NORMAL,40,45
2026-06-06T02:30:00,BATCH-1042,COAT-02,Amlodipine_5mg,42.46,NORMAL,40,45
2026-06-06T02:35:00,BATCH-1042,COAT-02,Amlodipine_5mg,42.45,NORMAL,40,45
2026-06-06T02:40:00,BATCH-1042,COAT-02,Amlodipine_5mg,41.16,NORMAL,40,45
2026-06-06T02:45:00,BATCH-1042,COAT-02,Amlodipine_5mg,42.63,NORMAL,40,45
2026-06-06T02:50:00,BATCH-1042,COAT-02,Amlodipine_5mg,49.67,DEVIATION,40,45
2026-06-06T02:55:00,BATCH-1042,COAT-02,Amlodipine_5mg,40.65,NORMAL,40,45
2026-06-06T03:00:00,BATCH-1042,COAT-02,Amlodipine_5mg,44.59,NORMAL,40,45
2026-06-06T03:05:00,BATCH-1042,COAT-02,Amlodipine_5mg,41.62,NORMAL,40,45
2026-06-06T03:10:00,BATCH-1042,COAT-02,Amlodipine_5mg,48.35,DEVIATION,40,45
2026-06-06T03:15:00,BATCH-1042,COAT-02,Amlodipine_5mg,43.87,NORMAL,40,45
2026-06-06T03:20:00,BATCH-1042,COAT-02,Amlodipine_5mg,44.3,NORMAL,40,45
2026-06-06T03:25:00,BATCH-1042,COAT-02,Amlodipine_5mg,41.87,NORMAL,40,45
2026-06-06T03:30:00,BATCH-1042,COAT-02,Amlodipine_5mg,41.98,NORMAL,40,45
2026-06-06T03:35:00,BATCH-1042,COAT-02,Amlodipine_5mg,41.51,NORMAL,40,45
2026-06-06T03:40:00,BATCH-1042,COAT-02,Amlodipine_5mg,40.79,NORMAL,40,45
2026-06-06T03:45:00,BATCH-1042,COAT-02,Amlodipine_5mg,43.96,NORMAL,40,45
2026-06-06T03:50:00,BATCH-1042,COAT-02,Amlodipine_5mg,43.25,NORMAL,40,45
2026-06-06T03:55:00,BATCH-1042,COAT-02,Amlodipine_5mg,44.84,NORMAL,40,45
2026-06-06T20:00:00,BATCH-1043,COAT-01,Atorvastatin_10mg,43.57,NORMAL,38,44
2026-06-06T20:05:00,BATCH-1043,COAT-01,Atorvastatin_10mg,39.34,NORMAL,38,44
2026-06-06T20:10:00,BATCH-1043,COAT-01,Atorvastatin_10mg,39.05,NORMAL,38,44
2026-06-06T20:15:00,BATCH-1043,COAT-01,Atorvastatin_10mg,42.13,NORMAL,38,44
2026-06-06T20:20:00,BATCH-1043,COAT-01,Atorvastatin_10mg,42.37,NORMAL,38,44
2026-06-06T20:25:00,BATCH-1043,COAT-01,Atorvastatin_10mg,43.69,NORMAL,38,44
2026-06-06T20:30:00,BATCH-1043,COAT-01,Atorvastatin_10mg,43.97,NORMAL,38,44
2026-06-06T20:35:00,BATCH-1043,COAT-01,Atorvastatin_10mg,38.19,NORMAL,38,44
2026-06-06T20:40:00,BATCH-1043,COAT-01,Atorvastatin_10mg,43.53,NORMAL,38,44
2026-06-06T20:45:00,BATCH-1043,COAT-01,Atorvastatin_10mg,39.33,NORMAL,38,44
2026-06-06T20:50:00,BATCH-1043,COAT-01,Atorvastatin_10mg,43.62,NORMAL,38,44
2026-06-06T20:55:00,BATCH-1043,COAT-01,Atorvastatin_10mg,42.47,NORMAL,38,44
2026-06-06T21:00:00,BATCH-1043,COAT-01,Atorvastatin_10mg,43.89,NORMAL,38,44
2026-06-06T21:05:00,BATCH-1043,COAT-01,Atorvastatin_10mg,43.31,NORMAL,38,44
2026-06-06T21:10:00,BATCH-1043,COAT-01,Atorvastatin_10mg,42.25,NORMAL,38,44
2026-06-06T21:15:00,BATCH-1043,COAT-01,Atorvastatin_10mg,43.32,NORMAL,38,44
2026-06-06T21:20:00,BATCH-1043,COAT-01,Atorvastatin_10mg,39.59,NORMAL,38,44
2026-06-06T21:25:00,BATCH-1043,COAT-01,Atorvastatin_10mg,38.41,NORMAL,38,44
2026-06-06T21:30:00,BATCH-1043,COAT-01,Atorvastatin_10mg,38.65,NORMAL,38,44
2026-06-06T21:35:00,BATCH-1043,COAT-01,Atorvastatin_10mg,46.54,DEVIATION,38,44
2026-06-06T21:40:00,BATCH-1043,COAT-01,Atorvastatin_10mg,43.81,NORMAL,38,44
2026-06-06T21:45:00,BATCH-1043,COAT-01,Atorvastatin_10mg,40.96,NORMAL,38,44
2026-06-06T21:50:00,BATCH-1043,COAT-01,Atorvastatin_10mg,41.28,NORMAL,38,44
2026-06-06T21:55:00,BATCH-1043,COAT-01,Atorvastatin_10mg,40.88,NORMAL,38,44
2026-06-06T22:00:00,BATCH-1043,COAT-01,Atorvastatin_10mg,41.91,NORMAL,38,44
2026-06-06T22:05:00,BATCH-1043,COAT-01,Atorvastatin_10mg,38.98,NORMAL,38,44
2026-06-06T22:10:00,BATCH-1043,COAT-01,Atorvastatin_10mg,43.07,NORMAL,38,44
2026-06-06T22:15:00,BATCH-1043,COAT-01,Atorvastatin_10mg,39.91,NORMAL,38,44
2026-06-06T22:20:00,BATCH-1043,COAT-01,Atorvastatin_10mg,38.45,NORMAL,38,44
2026-06-06T22:25:00,BATCH-1043,COAT-01,Atorvastatin_10mg,40.25,NORMAL,38,44
2026-06-06T22:30:00,BATCH-1043,COAT-01,Atorvastatin_10mg,41.28,NORMAL,38,44
2026-06-06T22:35:00,BATCH-1043,COAT-01,Atorvastatin_10mg,38.56,NORMAL,38,44
2026-06-06T22:40:00,BATCH-1043,COAT-01,Atorvastatin_10mg,41.68,NORMAL,38,44
2026-06-06T22:45:00,BATCH-1043,COAT-01,Atorvastatin_10mg,38.19,NORMAL,38,44
2026-06-06T22:50:00,BATCH-1043,COAT-01,Atorvastatin_10mg,38.99,NORMAL,38,44
2026-06-06T22:55:00,BATCH-1043,COAT-01,Atorvastatin_10mg,38.94,NORMAL,38,44
2026-06-06T21:00:00,BATCH-1044,COAT-02,Paracetamol_500mg,41.23,NORMAL,40,46
2026-06-06T21:05:00,BATCH-1044,COAT-02,Paracetamol_500mg,44.18,NORMAL,40,46
2026-06-06T21:10:00,BATCH-1044,COAT-02,Paracetamol_500mg,44.38,NORMAL,40,46
2026-06-06T21:15:00,BATCH-1044,COAT-02,Paracetamol_500mg,41.69,NORMAL,40,46
2026-06-06T21:20:00,BATCH-1044,COAT-02,Paracetamol_500mg,40.3,NORMAL,40,46
2026-06-06T21:25:00,BATCH-1044,COAT-02,Paracetamol_500mg,45.04,NORMAL,40,46
2026-06-06T21:30:00,BATCH-1044,COAT-02,Paracetamol_500mg,42.16,NORMAL,40,46
2026-06-06T21:35:00,BATCH-1044,COAT-02,Paracetamol_500mg,41.77,NORMAL,40,46
2026-06-06T21:40:00,BATCH-1044,COAT-02,Paracetamol_500mg,43.6,NORMAL,40,46
2026-06-06T21:45:00,BATCH-1044,COAT-02,Paracetamol_500mg,40.15,NORMAL,40,46
2026-06-06T21:50:00,BATCH-1044,COAT-02,Paracetamol_500mg,41.75,NORMAL,40,46
2026-06-06T21:55:00,BATCH-1044,COAT-02,Paracetamol_500mg,45.06,NORMAL,40,46
2026-06-06T22:00:00,BATCH-1044,COAT-02,Paracetamol_500mg,42.38,NORMAL,40,46
2026-06-06T22:05:00,BATCH-1044,COAT-02,Paracetamol_500mg,43.97,NORMAL,40,46
2026-06-06T22:10:00,BATCH-1044,COAT-02,Paracetamol_500mg,43.26,NORMAL,40,46
2026-06-06T22:15:00,BATCH-1044,COAT-02,Paracetamol_500mg,45.31,NORMAL,40,46
2026-06-06T22:20:00,BATCH-1044,COAT-02,Paracetamol_500mg,42.67,NORMAL,40,46
2026-06-06T22:25:00,BATCH-1044,COAT-02,Paracetamol_500mg,42.79,NORMAL,40,46
2026-06-06T22:30:00,BATCH-1044,COAT-02,Paracetamol_500mg,41.61,NORMAL,40,46
2026-06-06T22:35:00,BATCH-1044,COAT-02,Paracetamol_500mg,44.51,NORMAL,40,46
2026-06-06T22:40:00,BATCH-1044,COAT-02,Paracetamol_500mg,40.51,NORMAL,40,46
2026-06-06T22:45:00,BATCH-1044,COAT-02,Paracetamol_500mg,43.25,NORMAL,40,46
2026-06-06T22:50:00,BATCH-1044,COAT-02,Paracetamol_500mg,43.54,NORMAL,40,46
2026-06-06T22:55:00,BATCH-1044,COAT-02,Paracetamol_500mg,45.04,NORMAL,40,46
2026-06-06T23:00:00,BATCH-1044,COAT-02,Paracetamol_500mg,42.51,NORMAL,40,46
2026-06-06T23:05:00,BATCH-1044,COAT-02,Paracetamol_500mg,45.2,NORMAL,40,46
2026-06-06T23:10:00,BATCH-1044,COAT-02,Paracetamol_500mg,45.29,NORMAL,40,46
2026-06-06T23:15:00,BATCH-1044,COAT-02,Paracetamol_500mg,40.47,NORMAL,40,46
2026-06-06T23:20:00,BATCH-1044,COAT-02,Paracetamol_500mg,44.29,NORMAL,40,46
2026-06-06T23:25:00,BATCH-1044,COAT-02,Paracetamol_500mg,45.4,NORMAL,40,46
2026-06-06T23:30:00,BATCH-1044,COAT-02,Paracetamol_500mg,44.07,NORMAL,40,46
2026-06-06T23:35:00,BATCH-1044,COAT-02,Paracetamol_500mg,40.72,NORMAL,40,46
2026-06-06T23:40:00,BATCH-1044,COAT-02,Paracetamol_500mg,41.04,NORMAL,40,46
2026-06-06T23:45:00,BATCH-1044,COAT-02,Paracetamol_500mg,45.83,NORMAL,40,46
2026-06-06T23:50:00,BATCH-1044,COAT-02,Paracetamol_500mg,40.76,NORMAL,40,46
2026-06-06T23:55:00,BATCH-1044,COAT-02,Paracetamol_500mg,45.93,NORMAL,40,46
2026-06-07T22:00:00,BATCH-1045,COAT-01,Azithromycin_250mg,41.98,NORMAL,35,42
2026-06-07T22:05:00,BATCH-1045,COAT-01,Azithromycin_250mg,40.84,NORMAL,35,42
2026-06-07T22:10:00,BATCH-1045,COAT-01,Azithromycin_250mg,41.38,NORMAL,35,42
2026-06-07T22:15:00,BATCH-1045,COAT-01,Azithromycin_250mg,35.47,NORMAL,35,42
2026-06-07T22:20:00,BATCH-1045,COAT-01,Azithromycin_250mg,37.78,NORMAL,35,42
2026-06-07T22:25:00,BATCH-1045,COAT-01,Azithromycin_250mg,36.93,NORMAL,35,42
2026-06-07T22:30:00,BATCH-1045,COAT-01,Azithromycin_250mg,41.11,NORMAL,35,42
2026-06-07T22:35:00,BATCH-1045,COAT-01,Azithromycin_250mg,39.36,NORMAL,35,42
2026-06-07T22:40:00,BATCH-1045,COAT-01,Azithromycin_250mg,37.94,NORMAL,35,42
2026-06-07T22:45:00,BATCH-1045,COAT-01,Azithromycin_250mg,36.04,NORMAL,35,42
2026-06-07T22:50:00,BATCH-1045,COAT-01,Azithromycin_250mg,40.31,NORMAL,35,42
2026-06-07T22:55:00,BATCH-1045,COAT-01,Azithromycin_250mg,41.47,NORMAL,35,42
2026-06-07T23:00:00,BATCH-1045,COAT-01,Azithromycin_250mg,35.71,NORMAL,35,42
2026-06-07T23:05:00,BATCH-1045,COAT-01,Azithromycin_250mg,38.75,NORMAL,35,42
2026-06-07T23:10:00,BATCH-1045,COAT-01,Azithromycin_250mg,37.88,NORMAL,35,42
2026-06-07T23:15:00,BATCH-1045,COAT-01,Azithromycin_250mg,38.4,NORMAL,35,42
2026-06-07T23:20:00,BATCH-1045,COAT-01,Azithromycin_250mg,35.26,NORMAL,35,42
2026-06-07T23:25:00,BATCH-1045,COAT-01,Azithromycin_250mg,36.01,NORMAL,35,42
2026-06-07T23:30:00,BATCH-1045,COAT-01,Azithromycin_250mg,39.86,NORMAL,35,42
2026-06-07T23:35:00,BATCH-1045,COAT-01,Azithromycin_250mg,46.56,DEVIATION,35,42
2026-06-07T23:40:00,BATCH-1045,COAT-01,Azithromycin_250mg,36.66,NORMAL,35,42
2026-06-07T23:45:00,BATCH-1045,COAT-01,Azithromycin_250mg,41.45,NORMAL,35,42
2026-06-07T23:50:00,BATCH-1045,COAT-01,Azithromycin_250mg,35.14,NORMAL,35,42
2026-06-07T23:55:00,BATCH-1045,COAT-01,Azithromycin_250mg,37.12,NORMAL,35,42
2026-06-08T00:00:00,BATCH-1045,COAT-01,Azithromycin_250mg,38.44,NORMAL,35,42
2026-06-08T00:05:00,BATCH-1045,COAT-01,Azithromycin_250mg,35.69,NORMAL,35,42
2026-06-08T00:10:00,BATCH-1045,COAT-01,Azithromycin_250mg,35.94,NORMAL,35,42
2026-06-08T00:15:00,BATCH-1045,COAT-01,Azithromycin_250mg,38.1,NORMAL,35,42
2026-06-08T00:20:00,BATCH-1045,COAT-01,Azithromycin_250mg,36.89,NORMAL,35,42
2026-06-08T00:25:00,BATCH-1045,COAT-01,Azithromycin_250mg,39.52,NORMAL,35,42
2026-06-08T00:30:00,BATCH-1045,COAT-01,Azithromycin_250mg,36.48,NORMAL,35,42
2026-06-08T00:35:00,BATCH-1045,COAT-01,Azithromycin_250mg,40.19,NORMAL,35,42
2026-06-08T00:40:00,BATCH-1045,COAT-01,Azithromycin_250mg,41.07,NORMAL,35,42
2026-06-08T00:45:00,BATCH-1045,COAT-01,Azithromycin_250mg,38.61,NORMAL,35,42
2026-06-08T00:50:00,BATCH-1045,COAT-01,Azithromycin_250mg,37.18,NORMAL,35,42
2026-06-08T00:55:00,BATCH-1045,COAT-01,Azithromycin_250mg,35.95,NORMAL,35,42
2026-06-08T23:00:00,BATCH-1046,COAT-02,Metformin_500mg,44.4,NORMAL,40,45
2026-06-08T23:05:00,BATCH-1046,COAT-02,Metformin_500mg,46.77,DEVIATION,40,45
2026-06-08T23:10:00,BATCH-1046,COAT-02,Metformin_500mg,44.18,NORMAL,40,45
2026-06-08T23:15:00,BATCH-1046,COAT-02,Metformin_500mg,42.28,NORMAL,40,45
2026-06-08T23:20:00,BATCH-1046,COAT-02,Metformin_500mg,43.52,NORMAL,40,45
2026-06-08T23:25:00,BATCH-1046,COAT-02,Metformin_500mg,44.12,NORMAL,40,45
2026-06-08T23:30:00,BATCH-1046,COAT-02,Metformin_500mg,43.18,NORMAL,40,45
2026-06-08T23:35:00,BATCH-1046,COAT-02,Metformin_500mg,40.15,NORMAL,40,45
2026-06-08T23:40:00,BATCH-1046,COAT-02,Metformin_500mg,42.97,NORMAL,40,45
2026-06-08T23:45:00,BATCH-1046,COAT-02,Metformin_500mg,44.35,NORMAL,40,45
2026-06-08T23:50:00,BATCH-1046,COAT-02,Metformin_500mg,41.75,NORMAL,40,45
2026-06-08T23:55:00,BATCH-1046,COAT-02,Metformin_500mg,44.47,NORMAL,40,45
2026-06-09T00:00:00,BATCH-1046,COAT-02,Metformin_500mg,43.44,NORMAL,40,45
2026-06-09T00:05:00,BATCH-1046,COAT-02,Metformin_500mg,41.93,NORMAL,40,45
2026-06-09T00:10:00,BATCH-1046,COAT-02,Metformin_500mg,42.86,NORMAL,40,45
2026-06-09T00:15:00,BATCH-1046,COAT-02,Metformin_500mg,44.29,NORMAL,40,45
2026-06-09T00:20:00,BATCH-1046,COAT-02,Metformin_500mg,43.39,NORMAL,40,45
2026-06-09T00:25:00,BATCH-1046,COAT-02,Metformin_500mg,42.05,NORMAL,40,45
2026-06-09T00:30:00,BATCH-1046,COAT-02,Metformin_500mg,49.12,DEVIATION,40,45
2026-06-09T00:35:00,BATCH-1046,COAT-02,Metformin_500mg,40.04,NORMAL,40,45
2026-06-09T00:40:00,BATCH-1046,COAT-02,Metformin_500mg,43.24,NORMAL,40,45
2026-06-09T00:45:00,BATCH-1046,COAT-02,Metformin_500mg,40.04,NORMAL,40,45
2026-06-09T00:50:00,BATCH-1046,COAT-02,Metformin_500mg,44.03,NORMAL,40,45
2026-06-09T00:55:00,BATCH-1046,COAT-02,Metformin_500mg,44.84,NORMAL,40,45
2026-06-09T01:00:00,BATCH-1046,COAT-02,Metformin_500mg,42.12,NORMAL,40,45
2026-06-09T01:05:00,BATCH-1046,COAT-02,Metformin_500mg,41.74,NORMAL,40,45
2026-06-09T01:10:00,BATCH-1046,COAT-02,Metformin_500mg,42.33,NORMAL,40,45
2026-06-09T01:15:00,BATCH-1046,COAT-02,Metformin_500mg,44.12,NORMAL,40,45
2026-06-09T01:20:00,BATCH-1046,COAT-02,Metformin_500mg,40.51,NORMAL,40,45
2026-06-09T01:25:00,BATCH-1046,COAT-02,Metformin_500mg,43.31,NORMAL,40,45
2026-06-09T01:30:00,BATCH-1046,COAT-02,Metformin_500mg,41.87,NORMAL,40,45
2026-06-09T01:35:00,BATCH-1046,COAT-02,Metformin_500mg,43.05,NORMAL,40,45
2026-06-09T01:40:00,BATCH-1046,COAT-02,Metformin_500mg,40.54,NORMAL,40,45
2026-06-09T01:45:00,BATCH-1046,COAT-02,Metformin_500mg,44.94,NORMAL,40,45
2026-06-09T01:50:00,BATCH-1046,COAT-02,Metformin_500mg,44.31,NORMAL,40,45
2026-06-09T01:55:00,BATCH-1046,COAT-02,Metformin_500mg,43.56,NORMAL,40,45
2026-06-09T00:00:00,BATCH-1047,COAT-01,Amlodipine_5mg,41.49,NORMAL,40,45
2026-06-09T00:05:00,BATCH-1047,COAT-01,Amlodipine_5mg,43.83,NORMAL,40,45
2026-06-09T00:10:00,BATCH-1047,COAT-01,Amlodipine_5mg,44.03,NORMAL,40,45
2026-06-09T00:15:00,BATCH-1047,COAT-01,Amlodipine_5mg,43.0,NORMAL,40,45
2026-06-09T00:20:00,BATCH-1047,COAT-01,Amlodipine_5mg,43.4,NORMAL,40,45
2026-06-09T00:25:00,BATCH-1047,COAT-01,Amlodipine_5mg,43.28,NORMAL,40,45
2026-06-09T00:30:00,BATCH-1047,COAT-01,Amlodipine_5mg,41.3,NORMAL,40,45
2026-06-09T00:35:00,BATCH-1047,COAT-01,Amlodipine_5mg,41.94,NORMAL,40,45
2026-06-09T00:40:00,BATCH-1047,COAT-01,Amlodipine_5mg,48.83,DEVIATION,40,45
2026-06-09T00:45:00,BATCH-1047,COAT-01,Amlodipine_5mg,40.95,NORMAL,40,45
2026-06-09T00:50:00,BATCH-1047,COAT-01,Amlodipine_5mg,41.11,NORMAL,40,45
2026-06-09T00:55:00,BATCH-1047,COAT-01,Amlodipine_5mg,43.92,NORMAL,40,45
2026-06-09T01:00:00,BATCH-1047,COAT-01,Amlodipine_5mg,43.36,NORMAL,40,45
2026-06-09T01:05:00,BATCH-1047,COAT-01,Amlodipine_5mg,44.23,NORMAL,40,45
2026-06-09T01:10:00,BATCH-1047,COAT-01,Amlodipine_5mg,44.38,NORMAL,40,45
2026-06-09T01:15:00,BATCH-1047,COAT-01,Amlodipine_5mg,40.49,NORMAL,40,45
2026-06-09T01:20:00,BATCH-1047,COAT-01,Amlodipine_5mg,41.29,NORMAL,40,45
2026-06-09T01:25:00,BATCH-1047,COAT-01,Amlodipine_5mg,43.81,NORMAL,40,45
2026-06-09T01:30:00,BATCH-1047,COAT-01,Amlodipine_5mg,43.4,NORMAL,40,45
2026-06-09T01:35:00,BATCH-1047,COAT-01,Amlodipine_5mg,40.45,NORMAL,40,45
2026-06-09T01:40:00,BATCH-1047,COAT-01,Amlodipine_5mg,43.72,NORMAL,40,45
2026-06-09T01:45:00,BATCH-1047,COAT-01,Amlodipine_5mg,43.94,NORMAL,40,45
2026-06-09T01:50:00,BATCH-1047,COAT-01,Amlodipine_5mg,41.3,NORMAL,40,45
2026-06-09T01:55:00,BATCH-1047,COAT-01,Amlodipine_5mg,44.26,NORMAL,40,45
2026-06-09T02:00:00,BATCH-1047,COAT-01,Amlodipine_5mg,44.33,NORMAL,40,45
2026-06-09T02:05:00,BATCH-1047,COAT-01,Amlodipine_5mg,44.72,NORMAL,40,45
2026-06-09T02:10:00,BATCH-1047,COAT-01,Amlodipine_5mg,44.45,NORMAL,40,45
2026-06-09T02:15:00,BATCH-1047,COAT-01,Amlodipine_5mg,44.34,NORMAL,40,45
2026-06-09T02:20:00,BATCH-1047,COAT-01,Amlodipine_5mg,41.49,NORMAL,40,45
2026-06-09T02:25:00,BATCH-1047,COAT-01,Amlodipine_5mg,44.27,NORMAL,40,45
2026-06-09T02:30:00,BATCH-1047,COAT-01,Amlodipine_5mg,41.0,NORMAL,40,45
2026-06-09T02:35:00,BATCH-1047,COAT-01,Amlodipine_5mg,42.85,NORMAL,40,45
2026-06-09T02:40:00,BATCH-1047,COAT-01,Amlodipine_5mg,42.29,NORMAL,40,45
2026-06-09T02:45:00,BATCH-1047,COAT-01,Amlodipine_5mg,43.58,NORMAL,40,45
2026-06-09T02:50:00,BATCH-1047,COAT-01,Amlodipine_5mg,42.44,NORMAL,40,45
2026-06-09T02:55:00,BATCH-1047,COAT-01,Amlodipine_5mg,40.88,NORMAL,40,45
2026-06-10T01:00:00,BATCH-1048,COAT-02,Atorvastatin_10mg,38.03,NORMAL,38,44
2026-06-10T01:05:00,BATCH-1048,COAT-02,Atorvastatin_10mg,42.57,NORMAL,38,44
2026-06-10T01:10:00,BATCH-1048,COAT-02,Atorvastatin_10mg,42.59,NORMAL,38,44
2026-06-10T01:15:00,BATCH-1048,COAT-02,Atorvastatin_10mg,42.58,NORMAL,38,44
2026-06-10T01:20:00,BATCH-1048,COAT-02,Atorvastatin_10mg,41.69,NORMAL,38,44
2026-06-10T01:25:00,BATCH-1048,COAT-02,Atorvastatin_10mg,40.42,NORMAL,38,44
2026-06-10T01:30:00,BATCH-1048,COAT-02,Atorvastatin_10mg,40.3,NORMAL,38,44
2026-06-10T01:35:00,BATCH-1048,COAT-02,Atorvastatin_10mg,45.8,DEVIATION,38,44
2026-06-10T01:40:00,BATCH-1048,COAT-02,Atorvastatin_10mg,38.08,NORMAL,38,44
2026-06-10T01:45:00,BATCH-1048,COAT-02,Atorvastatin_10mg,43.0,NORMAL,38,44
2026-06-10T01:50:00,BATCH-1048,COAT-02,Atorvastatin_10mg,42.06,NORMAL,38,44
2026-06-10T01:55:00,BATCH-1048,COAT-02,Atorvastatin_10mg,39.49,NORMAL,38,44
2026-06-10T02:00:00,BATCH-1048,COAT-02,Atorvastatin_10mg,40.07,NORMAL,38,44
2026-06-10T02:05:00,BATCH-1048,COAT-02,Atorvastatin_10mg,40.3,NORMAL,38,44
2026-06-10T02:10:00,BATCH-1048,COAT-02,Atorvastatin_10mg,39.0,NORMAL,38,44
2026-06-10T02:15:00,BATCH-1048,COAT-02,Atorvastatin_10mg,39.79,NORMAL,38,44
2026-06-10T02:20:00,BATCH-1048,COAT-02,Atorvastatin_10mg,42.37,NORMAL,38,44
2026-06-10T02:25:00,BATCH-1048,COAT-02,Atorvastatin_10mg,40.03,NORMAL,38,44
2026-06-10T02:30:00,BATCH-1048,COAT-02,Atorvastatin_10mg,43.97,NORMAL,38,44
2026-06-10T02:35:00,BATCH-1048,COAT-02,Atorvastatin_10mg,43.41,NORMAL,38,44
2026-06-10T02:40:00,BATCH-1048,COAT-02,Atorvastatin_10mg,39.13,NORMAL,38,44
2026-06-10T02:45:00,BATCH-1048,COAT-02,Atorvastatin_10mg,43.51,NORMAL,38,44
2026-06-10T02:50:00,BATCH-1048,COAT-02,Atorvastatin_10mg,39.37,NORMAL,38,44
2026-06-10T02:55:00,BATCH-1048,COAT-02,Atorvastatin_10mg,38.79,NORMAL,38,44
2026-06-10T03:00:00,BATCH-1048,COAT-02,Atorvastatin_10mg,41.54,NORMAL,38,44
2026-06-10T03:05:00,BATCH-1048,COAT-02,Atorvastatin_10mg,40.2,NORMAL,38,44
2026-06-10T03:10:00,BATCH-1048,COAT-02,Atorvastatin_10mg,38.22,NORMAL,38,44
2026-06-10T03:15:00,BATCH-1048,COAT-02,Atorvastatin_10mg,39.53,NORMAL,38,44
2026-06-10T03:20:00,BATCH-1048,COAT-02,Atorvastatin_10mg,38.29,NORMAL,38,44
2026-06-10T03:25:00,BATCH-1048,COAT-02,Atorvastatin_10mg,41.97,NORMAL,38,44
2026-06-10T03:30:00,BATCH-1048,COAT-02,Atorvastatin_10mg,38.12,NORMAL,38,44
2026-06-10T03:35:00,BATCH-1048,COAT-02,Atorvastatin_10mg,40.5,NORMAL,38,44
2026-06-10T03:40:00,BATCH-1048,COAT-02,Atorvastatin_10mg,41.28,NORMAL,38,44
2026-06-10T03:45:00,BATCH-1048,COAT-02,Atorvastatin_10mg,38.92,NORMAL,38,44
2026-06-10T03:50:00,BATCH-1048,COAT-02,Atorvastatin_10mg,41.78,NORMAL,38,44
2026-06-10T03:55:00,BATCH-1048,COAT-02,Atorvastatin_10mg,41.97,NORMAL,38,44
2026-06-09T20:00:00,BATCH-1049,COAT-01,Paracetamol_500mg,43.97,NORMAL,40,46
2026-06-09T20:05:00,BATCH-1049,COAT-01,Paracetamol_500mg,41.62,NORMAL,40,46
2026-06-09T20:10:00,BATCH-1049,COAT-01,Paracetamol_500mg,43.63,NORMAL,40,46
2026-06-09T20:15:00,BATCH-1049,COAT-01,Paracetamol_500mg,40.82,NORMAL,40,46
2026-06-09T20:20:00,BATCH-1049,COAT-01,Paracetamol_500mg,44.98,NORMAL,40,46
2026-06-09T20:25:00,BATCH-1049,COAT-01,Paracetamol_500mg,40.63,NORMAL,40,46
2026-06-09T20:30:00,BATCH-1049,COAT-01,Paracetamol_500mg,44.31,NORMAL,40,46
2026-06-09T20:35:00,BATCH-1049,COAT-01,Paracetamol_500mg,40.71,NORMAL,40,46
2026-06-09T20:40:00,BATCH-1049,COAT-01,Paracetamol_500mg,40.68,NORMAL,40,46
2026-06-09T20:45:00,BATCH-1049,COAT-01,Paracetamol_500mg,40.64,NORMAL,40,46
2026-06-09T20:50:00,BATCH-1049,COAT-01,Paracetamol_500mg,41.19,NORMAL,40,46
2026-06-09T20:55:00,BATCH-1049,COAT-01,Paracetamol_500mg,41.2,NORMAL,40,46
2026-06-09T21:00:00,BATCH-1049,COAT-01,Paracetamol_500mg,46.79,DEVIATION,40,46
2026-06-09T21:05:00,BATCH-1049,COAT-01,Paracetamol_500mg,47.57,DEVIATION,40,46
2026-06-09T21:10:00,BATCH-1049,COAT-01,Paracetamol_500mg,46.61,DEVIATION,40,46
2026-06-09T21:15:00,BATCH-1049,COAT-01,Paracetamol_500mg,48.11,DEVIATION,40,46
2026-06-09T21:20:00,BATCH-1049,COAT-01,Paracetamol_500mg,46.89,DEVIATION,40,46
2026-06-09T21:25:00,BATCH-1049,COAT-01,Paracetamol_500mg,46.12,DEVIATION,40,46
2026-06-09T21:30:00,BATCH-1049,COAT-01,Paracetamol_500mg,47.49,DEVIATION,40,46
2026-06-09T21:35:00,BATCH-1049,COAT-01,Paracetamol_500mg,46.62,DEVIATION,40,46
2026-06-09T21:40:00,BATCH-1049,COAT-01,Paracetamol_500mg,48.8,DEVIATION,40,46
2026-06-09T21:45:00,BATCH-1049,COAT-01,Paracetamol_500mg,46.99,DEVIATION,40,46
2026-06-09T21:50:00,BATCH-1049,COAT-01,Paracetamol_500mg,46.01,DEVIATION,40,46
2026-06-09T21:55:00,BATCH-1049,COAT-01,Paracetamol_500mg,48.01,DEVIATION,40,46
2026-06-09T22:00:00,BATCH-1049,COAT-01,Paracetamol_500mg,39.72,DEVIATION,40,46
2026-06-09T22:05:00,BATCH-1049,COAT-01,Paracetamol_500mg,39.51,DEVIATION,40,46
2026-06-09T22:10:00,BATCH-1049,COAT-01,Paracetamol_500mg,39.01,DEVIATION,40,46
2026-06-09T22:15:00,BATCH-1049,COAT-01,Paracetamol_500mg,37.45,DEVIATION,40,46
2026-06-09T22:20:00,BATCH-1049,COAT-01,Paracetamol_500mg,37.27,DEVIATION,40,46
2026-06-09T22:25:00,BATCH-1049,COAT-01,Paracetamol_500mg,38.54,DEVIATION,40,46
2026-06-09T22:30:00,BATCH-1049,COAT-01,Paracetamol_500mg,39.17,DEVIATION,40,46
2026-06-09T22:35:00,BATCH-1049,COAT-01,Paracetamol_500mg,37.3,DEVIATION,40,46
2026-06-09T22:40:00,BATCH-1049,COAT-01,Paracetamol_500mg,37.77,DEVIATION,40,46
2026-06-09T22:45:00,BATCH-1049,COAT-01,Paracetamol_500mg,37.69,DEVIATION,40,46
2026-06-09T22:50:00,BATCH-1049,COAT-01,Paracetamol_500mg,39.97,DEVIATION,40,46
2026-06-09T22:55:00,BATCH-1049,COAT-01,Paracetamol_500mg,37.89,DEVIATION,40,46
2026-06-10T21:00:00,BATCH-1050,COAT-02,Azithromycin_250mg,35.7,NORMAL,35,42
2026-06-10T21:05:00,BATCH-1050,COAT-02,Azithromycin_250mg,35.28,NORMAL,35,42
2026-06-10T21:10:00,BATCH-1050,COAT-02,Azithromycin_250mg,40.61,NORMAL,35,42
2026-06-10T21:15:00,BATCH-1050,COAT-02,Azithromycin_250mg,40.17,NORMAL,35,42
2026-06-10T21:20:00,BATCH-1050,COAT-02,Azithromycin_250mg,40.31,NORMAL,35,42
2026-06-10T21:25:00,BATCH-1050,COAT-02,Azithromycin_250mg,40.96,NORMAL,35,42
2026-06-10T21:30:00,BATCH-1050,COAT-02,Azithromycin_250mg,36.19,NORMAL,35,42
2026-06-10T21:35:00,BATCH-1050,COAT-02,Azithromycin_250mg,38.06,NORMAL,35,42
2026-06-10T21:40:00,BATCH-1050,COAT-02,Azithromycin_250mg,41.15,NORMAL,35,42
2026-06-10T21:45:00,BATCH-1050,COAT-02,Azithromycin_250mg,40.7,NORMAL,35,42
2026-06-10T21:50:00,BATCH-1050,COAT-02,Azithromycin_250mg,37.81,NORMAL,35,42
2026-06-10T21:55:00,BATCH-1050,COAT-02,Azithromycin_250mg,36.9,NORMAL,35,42
2026-06-10T22:00:00,BATCH-1050,COAT-02,Azithromycin_250mg,40.95,NORMAL,35,42
2026-06-10T22:05:00,BATCH-1050,COAT-02,Azithromycin_250mg,39.54,NORMAL,35,42
2026-06-10T22:10:00,BATCH-1050,COAT-02,Azithromycin_250mg,35.79,NORMAL,35,42
2026-06-10T22:15:00,BATCH-1050,COAT-02,Azithromycin_250mg,35.41,NORMAL,35,42
2026-06-10T22:20:00,BATCH-1050,COAT-02,Azithromycin_250mg,36.12,NORMAL,35,42
2026-06-10T22:25:00,BATCH-1050,COAT-02,Azithromycin_250mg,39.14,NORMAL,35,42
2026-06-10T22:30:00,BATCH-1050,COAT-02,Azithromycin_250mg,39.75,NORMAL,35,42
2026-06-10T22:35:00,BATCH-1050,COAT-02,Azithromycin_250mg,37.66,NORMAL,35,42
2026-06-10T22:40:00,BATCH-1050,COAT-02,Azithromycin_250mg,35.2,NORMAL,35,42
2026-06-10T22:45:00,BATCH-1050,COAT-02,Azithromycin_250mg,40.87,NORMAL,35,42
2026-06-10T22:50:00,BATCH-1050,COAT-02,Azithromycin_250mg,35.91,NORMAL,35,42
2026-06-10T22:55:00,BATCH-1050,COAT-02,Azithromycin_250mg,35.79,NORMAL,35,42
2026-06-10T23:00:00,BATCH-1050,COAT-02,Azithromycin_250mg,35.32,NORMAL,35,42
2026-06-10T23:05:00,BATCH-1050,COAT-02,Azithromycin_250mg,37.2,NORMAL,35,42
2026-06-10T23:10:00,BATCH-1050,COAT-02,Azithromycin_250mg,39.75,NORMAL,35,42
2026-06-10T23:15:00,BATCH-1050,COAT-02,Azithromycin_250mg,39.04,NORMAL,35,42
2026-06-10T23:20:00,BATCH-1050,COAT-02,Azithromycin_250mg,41.85,NORMAL,35,42
2026-06-10T23:25:00,BATCH-1050,COAT-02,Azithromycin_250mg,37.37,NORMAL,35,42
2026-06-10T23:30:00,BATCH-1050,COAT-02,Azithromycin_250mg,39.9,NORMAL,35,42
2026-06-10T23:35:00,BATCH-1050,COAT-02,Azithromycin_250mg,39.63,NORMAL,35,42
2026-06-10T23:40:00,BATCH-1050,COAT-02,Azithromycin_250mg,37.42,NORMAL,35,42
2026-06-10T23:45:00,BATCH-1050,COAT-02,Azithromycin_250mg,37.69,NORMAL,35,42
2026-06-10T23:50:00,BATCH-1050,COAT-02,Azithromycin_250mg,38.91,NORMAL,35,42
2026-06-10T23:55:00,BATCH-1050,COAT-02,Azithromycin_250mg,35.38,NORMAL,35,42
